Workbook
Name AMR_NB_Br: Report!$B$53:$C$53
Name AMR_WB_Br: Report!$B$54:$D$54
Name Bitrate: Report!$D$15
Name CDMA_Vc_Bw: Report!$B$47:$D$47
Name EVS_NB_Br: Report!$B$55:$D$55
Name EVS_SWB_Br: Report!$B$57:$D$57
Name EVS_WB_Br: Report!$B$56:$D$56
Name GSM_Vc_Bw: Report!$B$45:$C$45
Name HardwareVersions: Report!$A$63:$F$63
Name HeadsetTypes: Report!$A$66:$D$66
Name InterfaceType: Report!$B$13
Name InterfaceTypes: Report!$A$65:$C$65
Name Network: Report!$B$15
Name Networks: Report!$A$45:$A$51
Name SO3_NB_Br: Report!$B$58
Name SO68_NB_Br: Report!$B$58
Name SO73_NB_Br: Report!$B$58
Name SO73_WB_Br: Report!$B$59
Name SWB_Br: Report!$B$61:$C$61
Name VCBW: Report!$C$15
Name VoIP_Vc_Bw: Report!$B$49:$C$49
Name VoLTE_Vc_Bw: Report!$B$48:$F$48
Name VoNR_Vc_Bw: Report!$B$50:$F$50
Name VoWiFi_Vc_Bw: Report!$B$51:$F$51
Name WB_Br: Report!$B$60:$D$60
Name WCDMA_Vc_Bw: Report!$B$46:$C$46

Sheet Report
A1: Voice Tuning Checklist
A3: · Select or input the design information of the device into the Basic Info form. (Input the product name and Track ID for Motorola devices into Module Number cell.)
A4: · Mark the cells of Report Files to Green if completed the test and saved the required result files, mark it to Yellow if something miss, mark it to Red if miss the test.
A6: Basic Info
A7: Item | B7: Value
A8: Serial Number
A9: Model Number
A10: Hardware Version
A11: Build Number
A12: Item | B12: Type | C12: Adapter | D12: Headset
A13: Headset Interface | B13: USB-C Analog + Digital
A14: Item | B14: Network | C14: Vocoder | D14: Bitrate
A15: Test Network | B15: VoLTE | C15: AMR_NB | D15: 12.2kbit/s
A17: Handset
A18: Test Case | B18: Report Files | C18: Naming Rule
A19: 3GPP TS126.131/132 | B19: doc | C19: =$A$17&"_"&$B$15&"_"&$C$15&"_"&SUBSTITUTE($A19," ","_") -> Handset_VoLTE_AMR_NB_3GPP_TS126.131/132
A20: Robustaness | B20: doc | C20: =$A$17&"_"&$B$15&"_"&$C$15&"_"&SUBSTITUTE($A20," ","_") -> Handset_VoLTE_AMR_NB_Robustaness
A21: POLQA MOS | B21: doc | C21: =$A$17&"_"&$B$15&"_"&$C$15&"_"&SUBSTITUTE($A21," ","_") -> Handset_VoLTE_AMR_NB_POLQA_MOS
A23: Handsfree
A24: Test Case | B24: Report Files | C24: Naming Rule
A25: 3GPP TS126.131/132 | B25: doc | C25: =$A$23&"_"&$B$15&"_"&$C$15&"_"&SUBSTITUTE($A25," ","_") -> Handsfree_VoLTE_AMR_NB_3GPP_TS126.131/132
A26: POLQA MOS | B26: doc | C26: =$A$23&"_"&$B$15&"_"&$C$15&"_"&SUBSTITUTE($A26," ","_") -> Handsfree_VoLTE_AMR_NB_POLQA_MOS
A28: Headset
A29: Test Case | B29: Report Files | C29: Naming Rule
A30: 3GPP TS126.131/132 | B30: doc | C30: =$A$28&"_"&$B$15&"_"&$C$15&"_"&SUBSTITUTE($A30," ","_") -> Headset_VoLTE_AMR_NB_3GPP_TS126.131/132
A31: POLQA MOS | B31: doc | C31: =$A$28&"_"&$B$15&"_"&$C$15&"_"&SUBSTITUTE($A31," ","_") -> Headset_VoLTE_AMR_NB_POLQA_MOS
A33: Bluetooth
A34: Test Case | B34: Report Files | C34: Naming Rule
A35: Acoustic TRD | B35: doc | C35: =$A$33&"_"&$B$15&"_"&$C$15&"_"&SUBSTITUTE($A35," ","_") -> Bluetooth_VoLTE_AMR_NB_Acoustic_TRD
A36: POLQA MOS | B36: doc | C36: =$A$33&"_"&$B$15&"_"&$C$15&"_"&SUBSTITUTE($A36," ","_") -> Bluetooth_VoLTE_AMR_NB_POLQA_MOS
A38: Electrical Interface
A39: Test Case | B39: Report Files | C39: Naming Rule
A40: 3GPP TS126.131/132 | B40: doc | C40: =$A$38&"_"&$B$15&"_"&$C$15&"_"&SUBSTITUTE($A40," ","_") -> Electrical Interface_VoLTE_AMR_NB_3GPP_TS126.131/132
A41: P.381 | B41: doc | C41: =$A$38&"_"&$B$15&"_"&$C$15&"_"&SUBSTITUTE($A41," ","_") -> Electrical Interface_VoLTE_AMR_NB_P.381
A43: Control Values
A44: Networks | B44: Vocoder_Bandwidth
A45: GSM | B45: AMR_NB | C45: AMR_WB
A46: WCDMA | B46: AMR_NB | C46: AMR_WB
A47: CDMA | B47: SO3_NB | C47: SO68_NB | D47: SO73_NB | E47: SO73_WB
A48: VoLTE | B48: AMR_NB | C48: AMR_WB | D48: EVS_NB | E48: EVS_WB | F48: EVS_SWB
A49: VoIP | B49: WB | C49: SWB
A50: VoNR | B50: AMR_NB | C50: AMR_WB | D50: EVS_NB | E50: EVS_WB | F50: EVS_SWB
A51: VoWiFi | B51: AMR_NB | C51: AMR_WB | D51: EVS_NB | E51: EVS_WB | F51: EVS_SWB
A52: Bitrates
A53: AMR_NB | B53: 4.75k/bits | C53: 12.2kbit/s
A54: AMR_WB | B54: 6.6k/bits | C54: 12.65k/bits | D54: 23.85k/bits
A55: EVS_NB | B55: 5.9k/bits | C55: 13.2k/bits | D55: 24.4k/bits
A56: EVS_WB | B56: 5.9k/bits | C56: 13.2k/bits | D56: 128k/bits
A57: EVS_SWB | B57: 9.6k/bits | C57: 13.2k/bits | D57: 128k/bits
A58: CDMA_NB | B58: COP4
A59: CDMA_WB | B59: COP0
A60: VoIP_WB | B60: SIP_WB | C60: Teams | D60: WeChat
A61: VoIP_SWB | B61: SIP_SWB | C61: Meet (Google Duo)
A62: HardwareVersions
A63: EVB | B63: EVT | C63: DVT1 | D63: DVT2 | E63: PVT | F63: MP
A64: InterfaceTypes
A65: 3.5mm Analog + USB-C Digital | B65: USB-C Analog + Digital | C65: USB-C Digital only
A66: MH191 | B66: MI181 | C66: MI181C | D66: MD211

Sheet Handset
A1: Voice Tuning Checklist - Handset
A3: Test Condition | E3: Criteria | I3: =Report!B15 -> VoLTE | J3: =Report!C15 -> AMR_NB | K3: =Report!D15 -> 12.2kbit/s | M3: NB | N3: WB | O3: SWB | P3: NB | Q3: WB | R3: SWB | T3: UMTS AMR_NB | U3: UMTS AMR_WB | V3: VoIMS AMR_NB | W3: VoIMS AMR_WB | X3: VoIMS EVS_NB | Y3: VoIMS EVS_WB | Z3: VoIMS EVS_SWB | AA3: CDMA SO3_NB | AB3: CDMA SO68_NB | AC3: CDMA SO73_NB | AD3: CDMA SO73_WB | AE3: VoIP WB | AF3: VoIP SWB | AG3: UMTS AMR_NB | AH3: UMTS AMR_WB | AI3: VoIMS AMR_NB | AJ3: VoIMS AMR_WB | AK3: VoIMS EVS_NB | AL3: VoIMS EVS_WB | AM3: VoIMS EVS_SWB | AN3: CDMA SO3_NB | AO3: CDMA SO68_NB | AP3: CDMA SO73_NB | AQ3: CDMA SO73_WB | AR3: VoIP WB | AS3: VoIP SWB
A4: Item | B4: Standard | C4: Subitem | D4: Settings | E4: lower | F4: upper | G4: unit | H4: type | I4: =IF(ISBLANK(Report!B8),"",ISBLANK(Report!B8)) | J4: =IF(ISBLANK(Report!C8),"",ISBLANK(Report!C8)) | K4: =IF(ISBLANK(Report!D8),"",ISBLANK(Report!D8))
A5: 3GPP TS126.131/132 | M5: NB | N5: WB | O5: SWB | P5: NB | Q5: WB | R5: SWB | T5: AMR_NB | U5: AMR_WB | V5: AMR_NB | W5: AMR_WB | X5: EVS_NB | Y5: EVS_WB | Z5: EVS_SWB | AA5: SO3_NB | AB5: SO68_NB | AC5: SO73_NB | AD5: SO73_WB | AE5: WB | AF5: SWB | AG5: AMR_NB | AH5: AMR_WB | AI5: AMR_NB | AJ5: AMR_WB | AK5: EVS_NB | AL5: EVS_WB | AM5: EVS_SWB | AN5: SO3_NB | AO5: SO68_NB | AP5: SO73_NB | AQ5: SO73_WB | AR5: WB | AS5: SWB
A6: Overall loss/loudness ratings | B6: =HLOOKUP(SUBSTITUTE(SUBSTITUTE(SUBSTITUTE(SUBSTITUTE(SUBSTITUTE(VCBW,"AMR_",""),"EVS_",""),"SO3_",""),"SO68_",""),"SO73_",""),$M$3:$O$75,ROW(B6)-ROW($M$3)+1,FALSE)&IF(ISBLANK(HLOOKUP(SUBSTITUTE(SUBSTITUTE(SUBSTITUTE(SUBSTITUTE(SUBSTITUTE(VCBW,"AMR_",""),"EVS_",""),"SO3_",""),"SO68_",""),"SO73_",""),$P$3:$R$75,ROW(B6)-ROW($P$3)+1,FALSE)), ""," / "&HLOOKUP(SUBSTITUTE(SUBSTITUTE(SUBSTITUTE(SUBSTITUTE(SUBSTITUTE(VCBW,"AMR_",""),"EVS_",""),"SO3_",""),"SO68_",""),"SO73_",""),$P$3:$R$75,ROW(B6)-ROW($P$3)+1,FALSE)) -> 5.2.2 / 7.2.2.1 | C6: Sending (SLR) | E6: =HLOOKUP(IF(OR("GSM"=Network,"WCDMA"=Network),"UMTS",IF(OR("VoLTE"=Network,"VoNR"=Network,"VoWiFi"=Network),"VoIMS",Network))&" "&VCBW,$T$3:$AF$75,ROW(E6)-ROW($T$3)+1,FALSE) -> 5 | F6: =HLOOKUP(IF(OR("GSM"=Network,"WCDMA"=Network),"UMTS",IF(OR("VoLTE"=Network,"VoNR"=Network,"VoWiFi"=Network),"VoIMS",Network))&" "&VCBW,$AG$3:$AS$75,ROW(E6)-ROW($AG$3)+1,FALSE) -> 11 | G6: dB | H6: 1 | M6: 5.2.2 | N6: 6.2.2 | O6: 7.2.2 | P6: 7.2.2.1 | Q6: 8.2.2.1 | R6: 9.2.2.1 | T6: 5 | U6: 5 | V6: 5 | W6: 5 | X6: 5 | Y6: 5 | Z6: 5 | AA6: 5 | AB6: 5 | AC6: 5 | AD6: 5 | AE6: 5 | AF6: 5 | AG6: 11 | AH6: 11 | AI6: 11 | AJ6: 11 | AK6: 11 | AL6: 11 | AM6: 11 | AN6: 11 | AO6: 11 | AP6: 11 | AQ6: 11 | AR6: 11 | AS6: 11
B7: =HLOOKUP(SUBSTITUTE(SUBSTITUTE(SUBSTITUTE(SUBSTITUTE(SUBSTITUTE(VCBW,"AMR_",""),"EVS_",""),"SO3_",""),"SO68_",""),"SO73_",""),$M$3:$O$75,ROW(B7)-ROW($M$3)+1,FALSE)&IF(ISBLANK(HLOOKUP(SUBSTITUTE(SUBSTITUTE(SUBSTITUTE(SUBSTITUTE(SUBSTITUTE(VCBW,"AMR_",""),"EVS_",""),"SO3_",""),"SO68_",""),"SO73_",""),$P$3:$R$75,ROW(B7)-ROW($P$3)+1,FALSE)), ""," / "&HLOOKUP(SUBSTITUTE(SUBSTITUTE(SUBSTITUTE(SUBSTITUTE(SUBSTITUTE(VCBW,"AMR_",""),"EVS_",""),"SO3_",""),"SO68_",""),"SO73_",""),$P$3:$R$75,ROW(B7)-ROW($P$3)+1,FALSE)) -> 5.2.2 / 7.2.2.2 | C7: Receiving (RLR) | D7: max vol. | E7: =HLOOKUP(IF(OR("GSM"=Network,"WCDMA"=Network),"UMTS",IF(OR("VoLTE"=Network,"VoNR"=Network,"VoWiFi"=Network),"VoIMS",Network))&" "&VCBW,$T$3:$AF$75,ROW(E7)-ROW($T$3)+1,FALSE) -> -13 | F7: =HLOOKUP(IF(OR("GSM"=Network,"WCDMA"=Network),"UMTS",IF(OR("VoLTE"=Network,"VoNR"=Network,"VoWiFi"=Network),"VoIMS",Network))&" "&VCBW,$AG$3:$AS$75,ROW(E7)-ROW($AG$3)+1,FALSE) -> -10 | G7: dB | H7: 1 | M7: 5.2.2 | N7: 6.2.2 | O7: 7.2.2 | P7: 7.2.2.2 | Q7: 8.2.2.2 | R7: 9.2.2.2 | T7: -13 | U7: -13 | V7: -13 | W7: -13 | X7: -13 | Y7: -13 | Z7: -13 | AA7: -13 | AB7: -13 | AC7: -13 | AD7: -13 | AE7: -13 | AF7: -13 | AG7: -10 | AH7: -10 | AI7: -10 | AJ7: -10 | AK7: -10 | AL7: -10 | AM7: -10 | AN7: -10 | AO7: -10 | AP7: -10 | AQ7: -10 | AR7: -10 | AS7: -10
B8: =HLOOKUP(SUBSTITUTE(SUBSTITUTE(SUBSTITUTE(SUBSTITUTE(SUBSTITUTE(VCBW,"AMR_",""),"EVS_",""),"SO3_",""),"SO68_",""),"SO73_",""),$M$3:$O$75,ROW(B8)-ROW($M$3)+1,FALSE)&IF(ISBLANK(HLOOKUP(SUBSTITUTE(SUBSTITUTE(SUBSTITUTE(SUBSTITUTE(SUBSTITUTE(VCBW,"AMR_",""),"EVS_",""),"SO3_",""),"SO68_",""),"SO73_",""),$P$3:$R$75,ROW(B8)-ROW($P$3)+1,FALSE)), ""," / "&HLOOKUP(SUBSTITUTE(SUBSTITUTE(SUBSTITUTE(SUBSTITUTE(SUBSTITUTE(VCBW,"AMR_",""),"EVS_",""),"SO3_",""),"SO68_",""),"SO73_",""),$P$3:$R$75,ROW(B8)-ROW($P$3)+1,FALSE)) -> 5.2.2 / 7.2.2.2 | D8: max-1 vol. | E8: =HLOOKUP(IF(OR("GSM"=Network,"WCDMA"=Network),"UMTS",IF(OR("VoLTE"=Network,"VoNR"=Network,"VoWiFi"=Network),"VoIMS",Network))&" "&VCBW,$T$3:$AF$75,ROW(E8)-ROW($T$3)+1,FALSE) -> -10 | F8: =HLOOKUP(IF(OR("GSM"=Network,"WCDMA"=Network),"UMTS",IF(OR("VoLTE"=Network,"VoNR"=Network,"VoWiFi"=Network),"VoIMS",Network))&" "&VCBW,$AG$3:$AS$75,ROW(E8)-ROW($AG$3)+1,FALSE) -> -4 | G8: dB | H8: 4 | J8: × | K8: × | M8: 5.2.2 | N8: 6.2.2 | O8: 7.2.2 | P8: 7.2.2.2 | Q8: 8.2.2.2 | R8: 9.2.2.2 | T8: -10 | U8: -10 | V8: -10 | W8: -10 | X8: -10 | Y8: -10 | Z8: -10 | AA8: -10 | AB8: -10 | AC8: -10 | AD8: -10 | AE8: -10 | AF8: -10 | AG8: -4 | AH8: -4 | AI8: -4 | AJ8: -4 | AK8: -4 | AL8: -4 | AM8: -4 | AN8: -4 | AO8: -4 | AP8: -4 | AQ8: -4 | AR8: -4 | AS8: -4
B9: =HLOOKUP(SUBSTITUTE(SUBSTITUTE(SUBSTITUTE(SUBSTITUTE(SUBSTITUTE(VCBW,"AMR_",""),"EVS_",""),"SO3_",""),"SO68_",""),"SO73_",""),$M$3:$O$75,ROW(B9)-ROW($M$3)+1,FALSE)&IF(ISBLANK(HLOOKUP(SUBSTITUTE(SUBSTITUTE(SUBSTITUTE(SUBSTITUTE(SUBSTITUTE(VCBW,"AMR_",""),"EVS_",""),"SO3_",""),"SO68_",""),"SO73_",""),$P$3:$R$75,ROW(B9)-ROW($P$3)+1,FALSE)), ""," / "&HLOOKUP(SUBSTITUTE(SUBSTITUTE(SUBSTITUTE(SUBSTITUTE(SUBSTITUTE(VCBW,"AMR_",""),"EVS_",""),"SO3_",""),"SO68_",""),"SO73_",""),$P$3:$R$75,ROW(B9)-ROW($P$3)+1,FALSE)) -> 5.2.2 / 7.2.2.2 | D9: max-2 vol. | E9: =HLOOKUP(IF(OR("GSM"=Network,"WCDMA"=Network),"UMTS",IF(OR("VoLTE"=Network,"VoNR"=Network,"VoWiFi"=Network),"VoIMS",Network))&" "&VCBW,$T$3:$AF$75,ROW(E9)-ROW($T$3)+1,FALSE) -> -7 | F9: =HLOOKUP(IF(OR("GSM"=Network,"WCDMA"=Network),"UMTS",IF(OR("VoLTE"=Network,"VoNR"=Network,"VoWiFi"=Network),"VoIMS",Network))&" "&VCBW,$AG$3:$AS$75,ROW(E9)-ROW($AG$3)+1,FALSE) -> -1 | G9: dB | H9: 4 | J9: × | K9: × | M9: 5.2.2 | N9: 6.2.2 | O9: 7.2.2 | P9: 7.2.2.2 | Q9: 8.2.2.2 | R9: 9.2.2.2 | T9: -7 | U9: -7 | V9: -7 | W9: -7 | X9: -7 | Y9: -7 | Z9: -7 | AA9: -7 | AB9: -7 | AC9: -7 | AD9: -7 | AE9: -7 | AF9: -7 | AG9: -1 | AH9: -1 | AI9: -1 | AJ9: -1 | AK9: -1 | AL9: -1 | AM9: -1 | AN9: -1 | AO9: -1 | AP9: -1 | AQ9: -1 | AR9: -1 | AS9: -1
B10: =HLOOKUP(SUBSTITUTE(SUBSTITUTE(SUBSTITUTE(SUBSTITUTE(SUBSTITUTE(VCBW,"AMR_",""),"EVS_",""),"SO3_",""),"SO68_",""),"SO73_",""),$M$3:$O$75,ROW(B10)-ROW($M$3)+1,FALSE)&IF(ISBLANK(HLOOKUP(SUBSTITUTE(SUBSTITUTE(SUBSTITUTE(SUBSTITUTE(SUBSTITUTE(VCBW,"AMR_",""),"EVS_",""),"SO3_",""),"SO68_",""),"SO73_",""),$P$3:$R$75,ROW(B10)-ROW($P$3)+1,FALSE)), ""," / "&HLOOKUP(SUBSTITUTE(SUBSTITUTE(SUBSTITUTE(SUBSTITUTE(SUBSTITUTE(VCBW,"AMR_",""),"EVS_",""),"SO3_",""),"SO68_",""),"SO73_",""),$P$3:$R$75,ROW(B10)-ROW($P$3)+1,FALSE)) -> 5.2.2 / 7.2.2.2 | D10: max-3 vol. | E10: =HLOOKUP(IF(OR("GSM"=Network,"WCDMA"=Network),"UMTS",IF(OR("VoLTE"=Network,"VoNR"=Network,"VoWiFi"=Network),"VoIMS",Network))&" "&VCBW,$T$3:$AF$75,ROW(E10)-ROW($T$3)+1,FALSE) -> -4 | F10: =HLOOKUP(IF(OR("GSM"=Network,"WCDMA"=Network),"UMTS",IF(OR("VoLTE"=Network,"VoNR"=Network,"VoWiFi"=Network),"VoIMS",Network))&" "&VCBW,$AG$3:$AS$75,ROW(E10)-ROW($AG$3)+1,FALSE) -> 2 | G10: dB | H10: 4 | J10: × | K10: × | M10: 5.2.2 | N10: 6.2.2 | O10: 7.2.2 | P10: 7.2.2.2 | Q10: 8.2.2.2 | R10: 9.2.2.2 | T10: -4 | U10: -4 | V10: -4 | W10: -4 | X10: -4 | Y10: -4 | Z10: -4 | AA10: -4 | AB10: -4 | AC10: -4 | AD10: -4 | AE10: -4 | AF10: -4 | AG10: 2 | AH10: 2 | AI10: 2 | AJ10: 2 | AK10: 2 | AL10: 2 | AM10: 2 | AN10: 2 | AO10: 2 | AP10: 2 | AQ10: 2 | AR10: 2 | AS10: 2
B11: =HLOOKUP(SUBSTITUTE(SUBSTITUTE(SUBSTITUTE(SUBSTITUTE(SUBSTITUTE(VCBW,"AMR_",""),"EVS_",""),"SO3_",""),"SO68_",""),"SO73_",""),$M$3:$O$75,ROW(B11)-ROW($M$3)+1,FALSE)&IF(ISBLANK(HLOOKUP(SUBSTITUTE(SUBSTITUTE(SUBSTITUTE(SUBSTITUTE(SUBSTITUTE(VCBW,"AMR_",""),"EVS_",""),"SO3_",""),"SO68_",""),"SO73_",""),$P$3:$R$75,ROW(B11)-ROW($P$3)+1,FALSE)), ""," / "&HLOOKUP(SUBSTITUTE(SUBSTITUTE(SUBSTITUTE(SUBSTITUTE(SUBSTITUTE(VCBW,"AMR_",""),"EVS_",""),"SO3_",""),"SO68_",""),"SO73_",""),$P$3:$R$75,ROW(B11)-ROW($P$3)+1,FALSE)) -> 5.2.2 / 7.2.2.2 | D11: max-4 (nom) vol. | E11: =HLOOKUP(IF(OR("GSM"=Network,"WCDMA"=Network),"UMTS",IF(OR("VoLTE"=Network,"VoNR"=Network,"VoWiFi"=Network),"VoIMS",Network))&" "&VCBW,$T$3:$AF$75,ROW(E11)-ROW($T$3)+1,FALSE) -> -1 | F11: =HLOOKUP(IF(OR("GSM"=Network,"WCDMA"=Network),"UMTS",IF(OR("VoLTE"=Network,"VoNR"=Network,"VoWiFi"=Network),"VoIMS",Network))&" "&VCBW,$AG$3:$AS$75,ROW(E11)-ROW($AG$3)+1,FALSE) -> 5 | G11: dB | H11: 1 | M11: 5.2.2 | N11: 6.2.2 | O11: 7.2.2 | P11: 7.2.2.2 | Q11: 8.2.2.2 | R11: 9.2.2.2 | T11: -1 | U11: -1 | V11: -1 | W11: -1 | X11: -1 | Y11: -1 | Z11: -1 | AA11: -1 | AB11: -1 | AC11: -1 | AD11: -1 | AE11: -1 | AF11: -1 | AG11: 5 | AH11: 5 | AI11: 5 | AJ11: 5 | AK11: 5 | AL11: 5 | AM11: 5 | AN11: 5 | AO11: 5 | AP11: 5 | AQ11: 5 | AR11: 5 | AS11: 5
B12: =HLOOKUP(SUBSTITUTE(SUBSTITUTE(SUBSTITUTE(SUBSTITUTE(SUBSTITUTE(VCBW,"AMR_",""),"EVS_",""),"SO3_",""),"SO68_",""),"SO73_",""),$M$3:$O$75,ROW(B12)-ROW($M$3)+1,FALSE)&IF(ISBLANK(HLOOKUP(SUBSTITUTE(SUBSTITUTE(SUBSTITUTE(SUBSTITUTE(SUBSTITUTE(VCBW,"AMR_",""),"EVS_",""),"SO3_",""),"SO68_",""),"SO73_",""),$P$3:$R$75,ROW(B12)-ROW($P$3)+1,FALSE)), ""," / "&HLOOKUP(SUBSTITUTE(SUBSTITUTE(SUBSTITUTE(SUBSTITUTE(SUBSTITUTE(VCBW,"AMR_",""),"EVS_",""),"SO3_",""),"SO68_",""),"SO73_",""),$P$3:$R$75,ROW(B12)-ROW($P$3)+1,FALSE)) -> 5.2.2 / 7.2.2.2 | D12: max-5 vol. | E12: =HLOOKUP(IF(OR("GSM"=Network,"WCDMA"=Network),"UMTS",IF(OR("VoLTE"=Network,"VoNR"=Network,"VoWiFi"=Network),"VoIMS",Network))&" "&VCBW,$T$3:$AF$75,ROW(E12)-ROW($T$3)+1,FALSE) -> 2 | F12: =HLOOKUP(IF(OR("GSM"=Network,"WCDMA"=Network),"UMTS",IF(OR("VoLTE"=Network,"VoNR"=Network,"VoWiFi"=Network),"VoIMS",Network))&" "&VCBW,$AG$3:$AS$75,ROW(E12)-ROW($AG$3)+1,FALSE) -> 12 | G12: dB | H12: 4 | J12: × | K12: × | M12: 5.2.2 | N12: 6.2.2 | O12: 7.2.2 | P12: 7.2.2.2 | Q12: 8.2.2.2 | R12: 9.2.2.2 | T12: 2 | U12: 2 | V12: 2 | W12: 2 | X12: 2 | Y12: 2 | Z12: 2 | AA12: 2 | AB12: 2 | AC12: 2 | AD12: 2 | AE12: 2 | AF12: 2 | AG12: 12 | AH12: 12 | AI12: 12 | AJ12: 12 | AK12: 12 | AL12: 12 | AM12: 12 | AN12: 12 | AO12: 12 | AP12: 12 | AQ12: 12 | AR12: 12 | AS12: 12
B13: =HLOOKUP(SUBSTITUTE(SUBSTITUTE(SUBSTITUTE(SUBSTITUTE(SUBSTITUTE(VCBW,"AMR_",""),"EVS_",""),"SO3_",""),"SO68_",""),"SO73_",""),$M$3:$O$75,ROW(B13)-ROW($M$3)+1,FALSE)&IF(ISBLANK(HLOOKUP(SUBSTITUTE(SUBSTITUTE(SUBSTITUTE(SUBSTITUTE(SUBSTITUTE(VCBW,"AMR_",""),"EVS_",""),"SO3_",""),"SO68_",""),"SO73_",""),$P$3:$R$75,ROW(B13)-ROW($P$3)+1,FALSE)), ""," / "&HLOOKUP(SUBSTITUTE(SUBSTITUTE(SUBSTITUTE(SUBSTITUTE(SUBSTITUTE(VCBW,"AMR_",""),"EVS_",""),"SO3_",""),"SO68_",""),"SO73_",""),$P$3:$R$75,ROW(B13)-ROW($P$3)+1,FALSE)) -> 5.2.2 / 7.2.2.2 | D13: max-6 vol. | E13: =HLOOKUP(IF(OR("GSM"=Network,"WCDMA"=Network),"UMTS",IF(OR("VoLTE"=Network,"VoNR"=Network,"VoWiFi"=Network),"VoIMS",Network))&" "&VCBW,$T$3:$AF$75,ROW(E13)-ROW($T$3)+1,FALSE) -> 5 | F13: =HLOOKUP(IF(OR("GSM"=Network,"WCDMA"=Network),"UMTS",IF(OR("VoLTE"=Network,"VoNR"=Network,"VoWiFi"=Network),"VoIMS",Network))&" "&VCBW,$AG$3:$AS$75,ROW(E13)-ROW($AG$3)+1,FALSE) -> 15 | G13: dB | H13: 4 | J13: × | K13: × | M13: 5.2.2 | N13: 6.2.2 | O13: 7.2.2 | P13: 7.2.2.2 | Q13: 8.2.2.2 | R13: 9.2.2.2 | T13: 5 | U13: 5 | V13: 5 | W13: 5 | X13: 5 | Y13: 5 | Z13: 5 | AA13: 5 | AB13: 5 | AC13: 5 | AD13: 5 | AE13: 5 | AF13: 5 | AG13: 15 | AH13: 15 | AI13: 15 | AJ13: 15 | AK13: 15 | AL13: 15 | AM13: 15 | AN13: 15 | AO13: 15 | AP13: 15 | AQ13: 15 | AR13: 15 | AS13: 15
B14: =HLOOKUP(SUBSTITUTE(SUBSTITUTE(SUBSTITUTE(SUBSTITUTE(SUBSTITUTE(VCBW,"AMR_",""),"EVS_",""),"SO3_",""),"SO68_",""),"SO73_",""),$M$3:$O$75,ROW(B14)-ROW($M$3)+1,FALSE)&IF(ISBLANK(HLOOKUP(SUBSTITUTE(SUBSTITUTE(SUBSTITUTE(SUBSTITUTE(SUBSTITUTE(VCBW,"AMR_",""),"EVS_",""),"SO3_",""),"SO68_",""),"SO73_",""),$P$3:$R$75,ROW(B14)-ROW($P$3)+1,FALSE)), ""," / "&HLOOKUP(SUBSTITUTE(SUBSTITUTE(SUBSTITUTE(SUBSTITUTE(SUBSTITUTE(VCBW,"AMR_",""),"EVS_",""),"SO3_",""),"SO68_",""),"SO73_",""),$P$3:$R$75,ROW(B14)-ROW($P$3)+1,FALSE)) -> 5.2.2 / 7.2.2.2 | D14: max-7 (min) vol. | E14: =HLOOKUP(IF(OR("GSM"=Network,"WCDMA"=Network),"UMTS",IF(OR("VoLTE"=Network,"VoNR"=Network,"VoWiFi"=Network),"VoIMS",Network))&" "&VCBW,$T$3:$AF$75,ROW(E14)-ROW($T$3)+1,FALSE) -> 8 | F14: =HLOOKUP(IF(OR("GSM"=Network,"WCDMA"=Network),"UMTS",IF(OR("VoLTE"=Network,"VoNR"=Network,"VoWiFi"=Network),"VoIMS",Network))&" "&VCBW,$AG$3:$AS$75,ROW(E14)-ROW($AG$3)+1,FALSE) -> 18 | G14: dB | H14: 1 | M14: 5.2.2 | N14: 6.2.2 | O14: 7.2.2 | P14: 7.2.2.2 | Q14: 8.2.2.2 | R14: 9.2.2.2 | T14: 8 | U14: 8 | V14: 8 | W14: 8 | X14: 8 | Y14: 8 | Z14: 8 | AA14: 8 | AB14: 8 | AC14: 8 | AD14: 8 | AE14: 8 | AF14: 8 | AG14: 18 | AH14: 18 | AI14: 18 | AJ14: 18 | AK14: 18 | AL14: 18 | AM14: 18 | AN14: 18 | AO14: 18 | AP14: 18 | AQ14: 18 | AR14: 18 | AS14: 18
B15: =HLOOKUP(SUBSTITUTE(SUBSTITUTE(SUBSTITUTE(SUBSTITUTE(SUBSTITUTE(VCBW,"AMR_",""),"EVS_",""),"SO3_",""),"SO68_",""),"SO73_",""),$M$3:$O$75,ROW(B15)-ROW($M$3)+1,FALSE)&IF(ISBLANK(HLOOKUP(SUBSTITUTE(SUBSTITUTE(SUBSTITUTE(SUBSTITUTE(SUBSTITUTE(VCBW,"AMR_",""),"EVS_",""),"SO3_",""),"SO68_",""),"SO73_",""),$P$3:$R$75,ROW(B15)-ROW($P$3)+1,FALSE)), ""," / "&HLOOKUP(SUBSTITUTE(SUBSTITUTE(SUBSTITUTE(SUBSTITUTE(SUBSTITUTE(VCBW,"AMR_",""),"EVS_",""),"SO3_",""),"SO68_",""),"SO73_",""),$P$3:$R$75,ROW(B15)-ROW($P$3)+1,FALSE)) -> 5.2.2a / 7.2.2.3 | C15: RLR in noise | D15: max vol. | E15: =HLOOKUP(IF(OR("GSM"=Network,"WCDMA"=Network),"UMTS",IF(OR("VoLTE"=Network,"VoNR"=Network,"VoWiFi"=Network),"VoIMS",Network))&" "&VCBW,$T$3:$AF$75,ROW(E15)-ROW($T$3)+1,FALSE) -> -13 | F15: =HLOOKUP(IF(OR("GSM"=Network,"WCDMA"=Network),"UMTS",IF(OR("VoLTE"=Network,"VoNR"=Network,"VoWiFi"=Network),"VoIMS",Network))&" "&VCBW,$AG$3:$AS$75,ROW(E15)-ROW($AG$3)+1,FALSE) -> -10 | G15: dB | H15: 1 | J15: × | K15: × | M15: 5.2.2a | N15: 6.2.2a | O15: 7.2.2a | P15: 7.2.2.3 | Q15: 8.2.2.3 | R15: 9.2.2.3 | T15: -13 | U15: -13 | V15: -13 | W15: -13 | X15: -13 | Y15: -13 | Z15: -13 | AA15: -13 | AB15: -13 | AC15: -13 | AD15: -13 | AE15: -13 | AF15: -13 | AG15: -10 | AH15: -10 | AI15: -10 | AJ15: -10 | AK15: -10 | AL15: -10 | AM15: -10 | AN15: -10 | AO15: -10 | AP15: -10 | AQ15: -10 | AR15: -10 | AS15: -10
A16: Idle channel noise | B16: =HLOOKUP(SUBSTITUTE(SUBSTITUTE(SUBSTITUTE(SUBSTITUTE(SUBSTITUTE(VCBW,"AMR_",""),"EVS_",""),"SO3_",""),"SO68_",""),"SO73_",""),$M$3:$O$75,ROW(B16)-ROW($M$3)+1,FALSE)&IF(ISBLANK(HLOOKUP(SUBSTITUTE(SUBSTITUTE(SUBSTITUTE(SUBSTITUTE(SUBSTITUTE(VCBW,"AMR_",""),"EVS_",""),"SO3_",""),"SO68_",""),"SO73_",""),$P$3:$R$75,ROW(B16)-ROW($P$3)+1,FALSE)), ""," / "&HLOOKUP(SUBSTITUTE(SUBSTITUTE(SUBSTITUTE(SUBSTITUTE(SUBSTITUTE(VCBW,"AMR_",""),"EVS_",""),"SO3_",""),"SO68_",""),"SO73_",""),$P$3:$R$75,ROW(B16)-ROW($P$3)+1,FALSE)) -> 5.3.1 / 7.3.1 | C16: Sending | E16: =HLOOKUP(IF(OR("GSM"=Network,"WCDMA"=Network),"UMTS",IF(OR("VoLTE"=Network,"VoNR"=Network,"VoWiFi"=Network),"VoIMS",Network))&" "&VCBW,$T$3:$AF$75,ROW(E16)-ROW($T$3)+1,FALSE) -> N/A | F16: =HLOOKUP(IF(OR("GSM"=Network,"WCDMA"=Network),"UMTS",IF(OR("VoLTE"=Network,"VoNR"=Network,"VoWiFi"=Network),"VoIMS",Network))&" "&VCBW,$AG$3:$AS$75,ROW(E16)-ROW($AG$3)+1,FALSE) -> -64 | G16: dBm0p | H16: 1 | M16: 5.3.1 | N16: 6.3.1 | O16: 7.3.1 | P16: 7.3.1 | Q16: 8.3.1 | R16: 9.3.1 | T16: N/A | U16: N/A | V16: N/A | W16: N/A | X16: N/A | Y16: N/A | Z16: N/A | AA16: N/A | AB16: N/A | AC16: N/A | AD16: N/A | AE16: N/A | AF16: N/A | AG16: -64 | AH16: -64 | AI16: -64 | AJ16: -64 | AK16: -64 | AL16: -64 | AM16: -64 | AN16: -64 | AO16: -64 | AP16: -64 | AQ16: -64 | AR16: -64 | AS16: -64
B17: =HLOOKUP(SUBSTITUTE(SUBSTITUTE(SUBSTITUTE(SUBSTITUTE(SUBSTITUTE(VCBW,"AMR_",""),"EVS_",""),"SO3_",""),"SO68_",""),"SO73_",""),$M$3:$O$75,ROW(B17)-ROW($M$3)+1,FALSE)&IF(ISBLANK(HLOOKUP(SUBSTITUTE(SUBSTITUTE(SUBSTITUTE(SUBSTITUTE(SUBSTITUTE(VCBW,"AMR_",""),"EVS_",""),"SO3_",""),"SO68_",""),"SO73_",""),$P$3:$R$75,ROW(B17)-ROW($P$3)+1,FALSE)), ""," / "&HLOOKUP(SUBSTITUTE(SUBSTITUTE(SUBSTITUTE(SUBSTITUTE(SUBSTITUTE(VCBW,"AMR_",""),"EVS_",""),"SO3_",""),"SO68_",""),"SO73_",""),$P$3:$R$75,ROW(B17)-ROW($P$3)+1,FALSE)) -> 5.3.1 / 7.3.1 | D17: Single Frequency | E17: =HLOOKUP(IF(OR("GSM"=Network,"WCDMA"=Network),"UMTS",IF(OR("VoLTE"=Network,"VoNR"=Network,"VoWiFi"=Network),"VoIMS",Network))&" "&VCBW,$T$3:$AF$75,ROW(E17)-ROW($T$3)+1,FALSE) -> N/A | F17: =HLOOKUP(IF(OR("GSM"=Network,"WCDMA"=Network),"UMTS",IF(OR("VoLTE"=Network,"VoNR"=Network,"VoWiFi"=Network),"VoIMS",Network))&" "&VCBW,$AG$3:$AS$75,ROW(E17)-ROW($AG$3)+1,FALSE) -> -74 | G17: dBm0p | H17: 1 | M17: 5.3.1 | N17: 6.3.1 | O17: 7.3.1 | P17: 7.3.1 | Q17: 8.3.1 | R17: 9.3.1 | T17: N/A | U17: N/A | V17: N/A | W17: N/A | X17: N/A | Y17: N/A | Z17: N/A | AA17: N/A | AB17: N/A | AC17: N/A | AD17: N/A | AE17: N/A | AF17: N/A | AG17: -74 | AH17: -74 | AI17: -74 | AJ17: -74 | AK17: -74 | AL17: -74 | AM17: -74 | AN17: -74 | AO17: -74 | AP17: -74 | AQ17: -74 | AR17: -74 | AS17: -74
B18: =HLOOKUP(SUBSTITUTE(SUBSTITUTE(SUBSTITUTE(SUBSTITUTE(SUBSTITUTE(VCBW,"AMR_",""),"EVS_",""),"SO3_",""),"SO68_",""),"SO73_",""),$M$3:$O$75,ROW(B18)-ROW($M$3)+1,FALSE)&IF(ISBLANK(HLOOKUP(SUBSTITUTE(SUBSTITUTE(SUBSTITUTE(SUBSTITUTE(SUBSTITUTE(VCBW,"AMR_",""),"EVS_",""),"SO3_",""),"SO68_",""),"SO73_",""),$P$3:$R$75,ROW(B18)-ROW($P$3)+1,FALSE)), ""," / "&HLOOKUP(SUBSTITUTE(SUBSTITUTE(SUBSTITUTE(SUBSTITUTE(SUBSTITUTE(VCBW,"AMR_",""),"EVS_",""),"SO3_",""),"SO68_",""),"SO73_",""),$P$3:$R$75,ROW(B18)-ROW($P$3)+1,FALSE)) -> 5.3.2 / 7.3.2 | C18: Receiving | D18: max vol. | E18: =HLOOKUP(IF(OR("GSM"=Network,"WCDMA"=Network),"UMTS",IF(OR("VoLTE"=Network,"VoNR"=Network,"VoWiFi"=Network),"VoIMS",Network))&" "&VCBW,$T$3:$AF$75,ROW(E18)-ROW($T$3)+1,FALSE) -> N/A | F18: =HLOOKUP(IF(OR("GSM"=Network,"WCDMA"=Network),"UMTS",IF(OR("VoLTE"=Network,"VoNR"=Network,"VoWiFi"=Network),"VoIMS",Network))&" "&VCBW,$AG$3:$AS$75,ROW(E18)-ROW($AG$3)+1,FALSE) -> -54 | G18: dBPa(A) | H18: 1 | M18: 5.3.2 | N18: 6.3.2 | O18: 7.3.2 | P18: 7.3.2 | Q18: 8.3.2 | R18: 9.3.2 | T18: N/A | U18: N/A | V18: N/A | W18: N/A | X18: N/A | Y18: N/A | Z18: N/A | AA18: N/A | AB18: N/A | AC18: N/A | AD18: N/A | AE18: N/A | AF18: N/A | AG18: -54 | AH18: -54 | AI18: -54 | AJ18: -54 | AK18: -54 | AL18: -54 | AM18: -54 | AN18: -54 | AO18: -54 | AP18: -54 | AQ18: -54 | AR18: -54 | AS18: -54
B19: =HLOOKUP(SUBSTITUTE(SUBSTITUTE(SUBSTITUTE(SUBSTITUTE(SUBSTITUTE(VCBW,"AMR_",""),"EVS_",""),"SO3_",""),"SO68_",""),"SO73_",""),$M$3:$O$75,ROW(B19)-ROW($M$3)+1,FALSE)&IF(ISBLANK(HLOOKUP(SUBSTITUTE(SUBSTITUTE(SUBSTITUTE(SUBSTITUTE(SUBSTITUTE(VCBW,"AMR_",""),"EVS_",""),"SO3_",""),"SO68_",""),"SO73_",""),$P$3:$R$75,ROW(B19)-ROW($P$3)+1,FALSE)), ""," / "&HLOOKUP(SUBSTITUTE(SUBSTITUTE(SUBSTITUTE(SUBSTITUTE(SUBSTITUTE(VCBW,"AMR_",""),"EVS_",""),"SO3_",""),"SO68_",""),"SO73_",""),$P$3:$R$75,ROW(B19)-ROW($P$3)+1,FALSE)) -> 5.3.2 / 7.3.2 | D19: nom vol. | E19: =HLOOKUP(IF(OR("GSM"=Network,"WCDMA"=Network),"UMTS",IF(OR("VoLTE"=Network,"VoNR"=Network,"VoWiFi"=Network),"VoIMS",Network))&" "&VCBW,$T$3:$AF$75,ROW(E19)-ROW($T$3)+1,FALSE) -> N/A | F19: =HLOOKUP(IF(OR("GSM"=Network,"WCDMA"=Network),"UMTS",IF(OR("VoLTE"=Network,"VoNR"=Network,"VoWiFi"=Network),"VoIMS",Network))&" "&VCBW,$AG$3:$AS$75,ROW(E19)-ROW($AG$3)+1,FALSE) -> -57 | G19: dBPa(A) | H19: 1 | M19: 5.3.2 | N19: 6.3.2 | O19: 7.3.2 | P19: 7.3.2 | Q19: 8.3.2 | R19: 9.3.2 | T19: N/A | U19: N/A | V19: N/A | W19: N/A | X19: N/A | Y19: N/A | Z19: N/A | AA19: N/A | AB19: N/A | AC19: N/A | AD19: N/A | AE19: N/A | AF19: N/A | AG19: -57 | AH19: -57 | AI19: -57 | AJ19: -57 | AK19: -57 | AL19: -57 | AM19: -57 | AN19: -57 | AO19: -57 | AP19: -57 | AQ19: -57 | AR19: -57 | AS19: -57
B20: =HLOOKUP(SUBSTITUTE(SUBSTITUTE(SUBSTITUTE(SUBSTITUTE(SUBSTITUTE(VCBW,"AMR_",""),"EVS_",""),"SO3_",""),"SO68_",""),"SO73_",""),$M$3:$O$75,ROW(B20)-ROW($M$3)+1,FALSE)&IF(ISBLANK(HLOOKUP(SUBSTITUTE(SUBSTITUTE(SUBSTITUTE(SUBSTITUTE(SUBSTITUTE(VCBW,"AMR_",""),"EVS_",""),"SO3_",""),"SO68_",""),"SO73_",""),$P$3:$R$75,ROW(B20)-ROW($P$3)+1,FALSE)), ""," / "&HLOOKUP(SUBSTITUTE(SUBSTITUTE(SUBSTITUTE(SUBSTITUTE(SUBSTITUTE(VCBW,"AMR_",""),"EVS_",""),"SO3_",""),"SO68_",""),"SO73_",""),$P$3:$R$75,ROW(B20)-ROW($P$3)+1,FALSE)) -> 5.3.2 / 7.3.2 | D20: Single Frequency | E20: =HLOOKUP(IF(OR("GSM"=Network,"WCDMA"=Network),"UMTS",IF(OR("VoLTE"=Network,"VoNR"=Network,"VoWiFi"=Network),"VoIMS",Network))&" "&VCBW,$T$3:$AF$75,ROW(E20)-ROW($T$3)+1,FALSE) -> N/A | F20: =HLOOKUP(IF(OR("GSM"=Network,"WCDMA"=Network),"UMTS",IF(OR("VoLTE"=Network,"VoNR"=Network,"VoWiFi"=Network),"VoIMS",Network))&" "&VCBW,$AG$3:$AS$75,ROW(E20)-ROW($AG$3)+1,FALSE) -> -60 | G20: dBPa(A) | H20: 1 | M20: 5.3.2 | N20: 6.3.2 | O20: 7.3.2 | P20: 7.3.2 | Q20: 8.3.2 | R20: 9.3.2 | T20: N/A | U20: N/A | V20: N/A | W20: N/A | X20: N/A | Y20: N/A | Z20: N/A | AA20: N/A | AB20: N/A | AC20: N/A | AD20: N/A | AE20: N/A | AF20: N/A | AG20: -60 | AH20: -60 | AI20: -60 | AJ20: -60 | AK20: -60 | AL20: -60 | AM20: -60 | AN20: -60 | AO20: -60 | AP20: -60 | AQ20: -60 | AR20: -60 | AS20: -60
A21: Sensitivity/frequency characteristics | B21: =HLOOKUP(SUBSTITUTE(SUBSTITUTE(SUBSTITUTE(SUBSTITUTE(SUBSTITUTE(VCBW,"AMR_",""),"EVS_",""),"SO3_",""),"SO68_",""),"SO73_",""),$M$3:$O$75,ROW(B21)-ROW($M$3)+1,FALSE)&IF(ISBLANK(HLOOKUP(SUBSTITUTE(SUBSTITUTE(SUBSTITUTE(SUBSTITUTE(SUBSTITUTE(VCBW,"AMR_",""),"EVS_",""),"SO3_",""),"SO68_",""),"SO73_",""),$P$3:$R$75,ROW(B21)-ROW($P$3)+1,FALSE)), ""," / "&HLOOKUP(SUBSTITUTE(SUBSTITUTE(SUBSTITUTE(SUBSTITUTE(SUBSTITUTE(VCBW,"AMR_",""),"EVS_",""),"SO3_",""),"SO68_",""),"SO73_",""),$P$3:$R$75,ROW(B21)-ROW($P$3)+1,FALSE)) -> 5.4.1 / 7.4.1 | C21: Sending | E21: =HLOOKUP(IF(OR("GSM"=Network,"WCDMA"=Network),"UMTS",IF(OR("VoLTE"=Network,"VoNR"=Network,"VoWiFi"=Network),"VoIMS",Network))&" "&VCBW,$T$3:$AF$75,ROW(E21)-ROW($T$3)+1,FALSE) -> 2 | F21: =HLOOKUP(IF(OR("GSM"=Network,"WCDMA"=Network),"UMTS",IF(OR("VoLTE"=Network,"VoNR"=Network,"VoWiFi"=Network),"VoIMS",Network))&" "&VCBW,$AG$3:$AS$75,ROW(E21)-ROW($AG$3)+1,FALSE) -> N/A | G21: dB | H21: 1 | M21: 5.4.1 | N21: 6.4.1 | O21: 7.4.1 | P21: 7.4.1 | Q21: 8.4.1 | R21: 9.4.1 | T21: 2 | U21: 2 | V21: 2 | W21: 2 | X21: 2 | Y21: 2 | Z21: 2 | AA21: 2 | AB21: 2 | AC21: 2 | AD21: 2 | AE21: 2 | AF21: 2 | AG21: N/A | AH21: N/A | AI21: N/A | AJ21: N/A | AK21: N/A | AL21: N/A | AM21: N/A | AN21: N/A | AO21: N/A | AP21: N/A | AQ21: N/A | AR21: N/A | AS21: N/A
B22: =HLOOKUP(SUBSTITUTE(SUBSTITUTE(SUBSTITUTE(SUBSTITUTE(SUBSTITUTE(VCBW,"AMR_",""),"EVS_",""),"SO3_",""),"SO68_",""),"SO73_",""),$M$3:$O$75,ROW(B22)-ROW($M$3)+1,FALSE)&IF(ISBLANK(HLOOKUP(SUBSTITUTE(SUBSTITUTE(SUBSTITUTE(SUBSTITUTE(SUBSTITUTE(VCBW,"AMR_",""),"EVS_",""),"SO3_",""),"SO68_",""),"SO73_",""),$P$3:$R$75,ROW(B22)-ROW($P$3)+1,FALSE)), ""," / "&HLOOKUP(SUBSTITUTE(SUBSTITUTE(SUBSTITUTE(SUBSTITUTE(SUBSTITUTE(VCBW,"AMR_",""),"EVS_",""),"SO3_",""),"SO68_",""),"SO73_",""),$P$3:$R$75,ROW(B22)-ROW($P$3)+1,FALSE)) -> 5.4.2 / 7.4.2 | C22: Receiving | D22: max vol. | E22: =HLOOKUP(IF(OR("GSM"=Network,"WCDMA"=Network),"UMTS",IF(OR("VoLTE"=Network,"VoNR"=Network,"VoWiFi"=Network),"VoIMS",Network))&" "&VCBW,$T$3:$AF$75,ROW(E22)-ROW($T$3)+1,FALSE) -> 1 | F22: =HLOOKUP(IF(OR("GSM"=Network,"WCDMA"=Network),"UMTS",IF(OR("VoLTE"=Network,"VoNR"=Network,"VoWiFi"=Network),"VoIMS",Network))&" "&VCBW,$AG$3:$AS$75,ROW(E22)-ROW($AG$3)+1,FALSE) -> N/A | G22: dB | H22: 1 | M22: 5.4.2 | N22: 6.4.1 | O22: 7.4.1 | P22: 7.4.2 | Q22: 8.4.2 | R22: 9.4.2 | T22: 1 | U22: 1 | V22: 1 | W22: 1 | X22: 1 | Y22: 1 | Z22: 1 | AA22: 1 | AB22: 1 | AC22: 1 | AD22: 1 | AE22: 1 | AF22: 1 | AG22: N/A | AH22: N/A | AI22: N/A | AJ22: N/A | AK22: N/A | AL22: N/A | AM22: N/A | AN22: N/A | AO22: N/A | AP22: N/A | AQ22: N/A | AR22: N/A | AS22: N/A
B23: =HLOOKUP(SUBSTITUTE(SUBSTITUTE(SUBSTITUTE(SUBSTITUTE(SUBSTITUTE(VCBW,"AMR_",""),"EVS_",""),"SO3_",""),"SO68_",""),"SO73_",""),$M$3:$O$75,ROW(B23)-ROW($M$3)+1,FALSE)&IF(ISBLANK(HLOOKUP(SUBSTITUTE(SUBSTITUTE(SUBSTITUTE(SUBSTITUTE(SUBSTITUTE(VCBW,"AMR_",""),"EVS_",""),"SO3_",""),"SO68_",""),"SO73_",""),$P$3:$R$75,ROW(B23)-ROW($P$3)+1,FALSE)), ""," / "&HLOOKUP(SUBSTITUTE(SUBSTITUTE(SUBSTITUTE(SUBSTITUTE(SUBSTITUTE(VCBW,"AMR_",""),"EVS_",""),"SO3_",""),"SO68_",""),"SO73_",""),$P$3:$R$75,ROW(B23)-ROW($P$3)+1,FALSE)) -> 5.4.2 / 7.4.2 | D23: nom vol. 1/12Oct | E23: =HLOOKUP(IF(OR("GSM"=Network,"WCDMA"=Network),"UMTS",IF(OR("VoLTE"=Network,"VoNR"=Network,"VoWiFi"=Network),"VoIMS",Network))&" "&VCBW,$T$3:$AF$75,ROW(E23)-ROW($T$3)+1,FALSE) -> 2 | F23: =HLOOKUP(IF(OR("GSM"=Network,"WCDMA"=Network),"UMTS",IF(OR("VoLTE"=Network,"VoNR"=Network,"VoWiFi"=Network),"VoIMS",Network))&" "&VCBW,$AG$3:$AS$75,ROW(E23)-ROW($AG$3)+1,FALSE) -> N/A | G23: dB | H23: 1 | M23: 5.4.2 | N23: 6.4.2 | O23: 7.4.2.1 | P23: 7.4.2 | Q23: 8.4.2 | R23: 9.4.2 | T23: 2 | U23: 2 | V23: 2 | W23: 2 | X23: 2 | Y23: 2 | Z23: 1 | AA23: 2 | AB23: 2 | AC23: 2 | AD23: 2 | AE23: 2 | AF23: 1 | AG23: N/A | AH23: N/A | AI23: N/A | AJ23: N/A | AK23: N/A | AL23: N/A | AM23: N/A | AN23: N/A | AO23: N/A | AP23: N/A | AQ23: N/A | AR23: N/A | AS23: N/A
B24: =HLOOKUP(SUBSTITUTE(SUBSTITUTE(SUBSTITUTE(SUBSTITUTE(SUBSTITUTE(VCBW,"AMR_",""),"EVS_",""),"SO3_",""),"SO68_",""),"SO73_",""),$M$3:$O$75,ROW(B24)-ROW($M$3)+1,FALSE)&IF(ISBLANK(HLOOKUP(SUBSTITUTE(SUBSTITUTE(SUBSTITUTE(SUBSTITUTE(SUBSTITUTE(VCBW,"AMR_",""),"EVS_",""),"SO3_",""),"SO68_",""),"SO73_",""),$P$3:$R$75,ROW(B24)-ROW($P$3)+1,FALSE)), ""," / "&HLOOKUP(SUBSTITUTE(SUBSTITUTE(SUBSTITUTE(SUBSTITUTE(SUBSTITUTE(VCBW,"AMR_",""),"EVS_",""),"SO3_",""),"SO68_",""),"SO73_",""),$P$3:$R$75,ROW(B24)-ROW($P$3)+1,FALSE)) -> × / 7.4.2 | D24: nom vol. 1/3Oct | E24: =HLOOKUP(IF(OR("GSM"=Network,"WCDMA"=Network),"UMTS",IF(OR("VoLTE"=Network,"VoNR"=Network,"VoWiFi"=Network),"VoIMS",Network))&" "&VCBW,$T$3:$AF$75,ROW(E24)-ROW($T$3)+1,FALSE) -> N/A | F24: =HLOOKUP(IF(OR("GSM"=Network,"WCDMA"=Network),"UMTS",IF(OR("VoLTE"=Network,"VoNR"=Network,"VoWiFi"=Network),"VoIMS",Network))&" "&VCBW,$AG$3:$AS$75,ROW(E24)-ROW($AG$3)+1,FALSE) -> N/A | G24: dB | H24: 1 | M24: × | N24: × | O24: 7.4.2.1 | P24: 7.4.2 | Q24: 8.4.2 | R24: 9.4.2 | T24: N/A | U24: N/A | V24: N/A | W24: N/A | X24: N/A | Y24: N/A | Z24: 1 | AA24: N/A | AB24: N/A | AC24: N/A | AD24: N/A | AE24: N/A | AF24: 1 | AG24: N/A | AH24: N/A | AI24: N/A | AJ24: N/A | AK24: N/A | AL24: N/A | AM24: N/A | AN24: N/A | AO24: N/A | AP24: N/A | AQ24: N/A | AR24: N/A | AS24: N/A
B25: =HLOOKUP(SUBSTITUTE(SUBSTITUTE(SUBSTITUTE(SUBSTITUTE(SUBSTITUTE(VCBW,"AMR_",""),"EVS_",""),"SO3_",""),"SO68_",""),"SO73_",""),$M$3:$O$75,ROW(B25)-ROW($M$3)+1,FALSE)&IF(ISBLANK(HLOOKUP(SUBSTITUTE(SUBSTITUTE(SUBSTITUTE(SUBSTITUTE(SUBSTITUTE(VCBW,"AMR_",""),"EVS_",""),"SO3_",""),"SO68_",""),"SO73_",""),$P$3:$R$75,ROW(B25)-ROW($P$3)+1,FALSE)), ""," / "&HLOOKUP(SUBSTITUTE(SUBSTITUTE(SUBSTITUTE(SUBSTITUTE(SUBSTITUTE(VCBW,"AMR_",""),"EVS_",""),"SO3_",""),"SO68_",""),"SO73_",""),$P$3:$R$75,ROW(B25)-ROW($P$3)+1,FALSE)) -> 5.4.2 / 7.4.2 | D25: min vol. | E25: =HLOOKUP(IF(OR("GSM"=Network,"WCDMA"=Network),"UMTS",IF(OR("VoLTE"=Network,"VoNR"=Network,"VoWiFi"=Network),"VoIMS",Network))&" "&VCBW,$T$3:$AF$75,ROW(E25)-ROW($T$3)+1,FALSE) -> 2 | F25: =HLOOKUP(IF(OR("GSM"=Network,"WCDMA"=Network),"UMTS",IF(OR("VoLTE"=Network,"VoNR"=Network,"VoWiFi"=Network),"VoIMS",Network))&" "&VCBW,$AG$3:$AS$75,ROW(E25)-ROW($AG$3)+1,FALSE) -> N/A | G25: dB | H25: 1 | M25: 5.4.2 | N25: 6.4.2 | O25: 7.4.2.1 | P25: 7.4.2 | Q25: 8.4.2 | R25: 9.4.2 | T25: 2 | U25: 2 | V25: 2 | W25: 2 | X25: 2 | Y25: 2 | Z25: 2 | AA25: 2 | AB25: 2 | AC25: 2 | AD25: 2 | AE25: 2 | AF25: 2 | AG25: N/A | AH25: N/A | AI25: N/A | AJ25: N/A | AK25: N/A | AL25: N/A | AM25: N/A | AN25: N/A | AO25: N/A | AP25: N/A | AQ25: N/A | AR25: N/A | AS25: N/A
A26: Sidetone characteristics | B26: =HLOOKUP(SUBSTITUTE(SUBSTITUTE(SUBSTITUTE(SUBSTITUTE(SUBSTITUTE(VCBW,"AMR_",""),"EVS_",""),"SO3_",""),"SO68_",""),"SO73_",""),$M$3:$O$75,ROW(B26)-ROW($M$3)+1,FALSE)&IF(ISBLANK(HLOOKUP(SUBSTITUTE(SUBSTITUTE(SUBSTITUTE(SUBSTITUTE(SUBSTITUTE(VCBW,"AMR_",""),"EVS_",""),"SO3_",""),"SO68_",""),"SO73_",""),$P$3:$R$75,ROW(B26)-ROW($P$3)+1,FALSE)), ""," / "&HLOOKUP(SUBSTITUTE(SUBSTITUTE(SUBSTITUTE(SUBSTITUTE(SUBSTITUTE(VCBW,"AMR_",""),"EVS_",""),"SO3_",""),"SO68_",""),"SO73_",""),$P$3:$R$75,ROW(B26)-ROW($P$3)+1,FALSE)) -> 5.5.1 / 7.5.1 | C26: STMR | D26: max vol. | E26: =HLOOKUP(IF(OR("GSM"=Network,"WCDMA"=Network),"UMTS",IF(OR("VoLTE"=Network,"VoNR"=Network,"VoWiFi"=Network),"VoIMS",Network))&" "&VCBW,$T$3:$AF$75,ROW(E26)-ROW($T$3)+1,FALSE) -> 10 | F26: =HLOOKUP(IF(OR("GSM"=Network,"WCDMA"=Network),"UMTS",IF(OR("VoLTE"=Network,"VoNR"=Network,"VoWiFi"=Network),"VoIMS",Network))&" "&VCBW,$AG$3:$AS$75,ROW(E26)-ROW($AG$3)+1,FALSE) -> 23 | G26: dB | H26: 3 | M26: 5.5.1 | N26: 6.5.1 | O26: 7.5.1 | P26: 7.5.1 | Q26: 8.5.1 | R26: 9.5.1 | T26: 10 | U26: 10 | V26: 10 | W26: 10 | X26: 10 | Y26: 10 | Z26: 10 | AA26: 10 | AB26: 10 | AC26: 10 | AD26: 10 | AE26: 10 | AF26: 10 | AG26: 23 | AH26: 23 | AI26: 23 | AJ26: 23 | AK26: 23 | AL26: 23 | AM26: 23 | AN26: 23 | AO26: 23 | AP26: 23 | AQ26: 23 | AR26: 23 | AS26: 23
B27: =HLOOKUP(SUBSTITUTE(SUBSTITUTE(SUBSTITUTE(SUBSTITUTE(SUBSTITUTE(VCBW,"AMR_",""),"EVS_",""),"SO3_",""),"SO68_",""),"SO73_",""),$M$3:$O$75,ROW(B27)-ROW($M$3)+1,FALSE)&IF(ISBLANK(HLOOKUP(SUBSTITUTE(SUBSTITUTE(SUBSTITUTE(SUBSTITUTE(SUBSTITUTE(VCBW,"AMR_",""),"EVS_",""),"SO3_",""),"SO68_",""),"SO73_",""),$P$3:$R$75,ROW(B27)-ROW($P$3)+1,FALSE)), ""," / "&HLOOKUP(SUBSTITUTE(SUBSTITUTE(SUBSTITUTE(SUBSTITUTE(SUBSTITUTE(VCBW,"AMR_",""),"EVS_",""),"SO3_",""),"SO68_",""),"SO73_",""),$P$3:$R$75,ROW(B27)-ROW($P$3)+1,FALSE)) -> 5.5.1 / 7.5.1 | D27: mon. vol. | E27: =HLOOKUP(IF(OR("GSM"=Network,"WCDMA"=Network),"UMTS",IF(OR("VoLTE"=Network,"VoNR"=Network,"VoWiFi"=Network),"VoIMS",Network))&" "&VCBW,$T$3:$AF$75,ROW(E27)-ROW($T$3)+1,FALSE) -> 15 | F27: =HLOOKUP(IF(OR("GSM"=Network,"WCDMA"=Network),"UMTS",IF(OR("VoLTE"=Network,"VoNR"=Network,"VoWiFi"=Network),"VoIMS",Network))&" "&VCBW,$AG$3:$AS$75,ROW(E27)-ROW($AG$3)+1,FALSE) -> 23 | G27: dB | H27: 3 | M27: 5.5.1 | N27: 6.5.1 | O27: 7.5.1 | P27: 7.5.1 | Q27: 8.5.1 | R27: 9.5.1 | T27: 15 | U27: 15 | V27: 15 | W27: 15 | X27: 15 | Y27: 15 | Z27: 15 | AA27: 15 | AB27: 15 | AC27: 15 | AD27: 15 | AE27: 15 | AF27: 15 | AG27: 23 | AH27: 23 | AI27: 23 | AJ27: 23 | AK27: 23 | AL27: 23 | AM27: 23 | AN27: 23 | AO27: 23 | AP27: 23 | AQ27: 23 | AR27: 23 | AS27: 23
B28: =HLOOKUP(SUBSTITUTE(SUBSTITUTE(SUBSTITUTE(SUBSTITUTE(SUBSTITUTE(VCBW,"AMR_",""),"EVS_",""),"SO3_",""),"SO68_",""),"SO73_",""),$M$3:$O$75,ROW(B28)-ROW($M$3)+1,FALSE)&IF(ISBLANK(HLOOKUP(SUBSTITUTE(SUBSTITUTE(SUBSTITUTE(SUBSTITUTE(SUBSTITUTE(VCBW,"AMR_",""),"EVS_",""),"SO3_",""),"SO68_",""),"SO73_",""),$P$3:$R$75,ROW(B28)-ROW($P$3)+1,FALSE)), ""," / "&HLOOKUP(SUBSTITUTE(SUBSTITUTE(SUBSTITUTE(SUBSTITUTE(SUBSTITUTE(VCBW,"AMR_",""),"EVS_",""),"SO3_",""),"SO68_",""),"SO73_",""),$P$3:$R$75,ROW(B28)-ROW($P$3)+1,FALSE)) -> 5.5.1 / 7.5.1 | D28: min vol. | E28: =HLOOKUP(IF(OR("GSM"=Network,"WCDMA"=Network),"UMTS",IF(OR("VoLTE"=Network,"VoNR"=Network,"VoWiFi"=Network),"VoIMS",Network))&" "&VCBW,$T$3:$AF$75,ROW(E28)-ROW($T$3)+1,FALSE) -> 10 | F28: =HLOOKUP(IF(OR("GSM"=Network,"WCDMA"=Network),"UMTS",IF(OR("VoLTE"=Network,"VoNR"=Network,"VoWiFi"=Network),"VoIMS",Network))&" "&VCBW,$AG$3:$AS$75,ROW(E28)-ROW($AG$3)+1,FALSE) -> 23 | G28: dB | H28: 3 | M28: 5.5.1 | N28: 6.5.1 | O28: 7.5.1 | P28: 7.5.1 | Q28: 8.5.1 | R28: 9.5.1 | T28: 10 | U28: 10 | V28: 10 | W28: 10 | X28: 10 | Y28: 10 | Z28: 10 | AA28: 10 | AB28: 10 | AC28: 10 | AD28: 10 | AE28: 10 | AF28: 10 | AG28: 23 | AH28: 23 | AI28: 23 | AJ28: 23 | AK28: 23 | AL28: 23 | AM28: 23 | AN28: 23 | AO28: 23 | AP28: 23 | AQ28: 23 | AR28: 23 | AS28: 23
B29: =HLOOKUP(SUBSTITUTE(SUBSTITUTE(SUBSTITUTE(SUBSTITUTE(SUBSTITUTE(VCBW,"AMR_",""),"EVS_",""),"SO3_",""),"SO68_",""),"SO73_",""),$M$3:$O$75,ROW(B29)-ROW($M$3)+1,FALSE)&IF(ISBLANK(HLOOKUP(SUBSTITUTE(SUBSTITUTE(SUBSTITUTE(SUBSTITUTE(SUBSTITUTE(VCBW,"AMR_",""),"EVS_",""),"SO3_",""),"SO68_",""),"SO73_",""),$P$3:$R$75,ROW(B29)-ROW($P$3)+1,FALSE)), ""," / "&HLOOKUP(SUBSTITUTE(SUBSTITUTE(SUBSTITUTE(SUBSTITUTE(SUBSTITUTE(VCBW,"AMR_",""),"EVS_",""),"SO3_",""),"SO68_",""),"SO73_",""),$P$3:$R$75,ROW(B29)-ROW($P$3)+1,FALSE)) -> 5.5.2 / 7.5.4 | C29: Delay | E29: =HLOOKUP(IF(OR("GSM"=Network,"WCDMA"=Network),"UMTS",IF(OR("VoLTE"=Network,"VoNR"=Network,"VoWiFi"=Network),"VoIMS",Network))&" "&VCBW,$T$3:$AF$75,ROW(E29)-ROW($T$3)+1,FALSE) -> 0 | F29: =HLOOKUP(IF(OR("GSM"=Network,"WCDMA"=Network),"UMTS",IF(OR("VoLTE"=Network,"VoNR"=Network,"VoWiFi"=Network),"VoIMS",Network))&" "&VCBW,$AG$3:$AS$75,ROW(E29)-ROW($AG$3)+1,FALSE) -> 5 | G29: ms | H29: 1 | M29: 5.5.2 | N29: 6.5.2 | O29: 7.5.2 | P29: 7.5.4 | Q29: 8.5.4 | R29: 9.5.4 | T29: 0 | U29: 0 | V29: 0 | W29: 0 | X29: 0 | Y29: 0 | Z29: 0 | AA29: 0 | AB29: 0 | AC29: 0 | AD29: 0 | AE29: 0 | AF29: 0 | AG29: 5 | AH29: 5 | AI29: 5 | AJ29: 5 | AK29: 5 | AL29: 5 | AM29: 5 | AN29: 5 | AO29: 5 | AP29: 5 | AQ29: 5 | AR29: 5 | AS29: 5
A30: Stability loss | B30: =HLOOKUP(SUBSTITUTE(SUBSTITUTE(SUBSTITUTE(SUBSTITUTE(SUBSTITUTE(VCBW,"AMR_",""),"EVS_",""),"SO3_",""),"SO68_",""),"SO73_",""),$M$3:$O$75,ROW(B30)-ROW($M$3)+1,FALSE)&IF(ISBLANK(HLOOKUP(SUBSTITUTE(SUBSTITUTE(SUBSTITUTE(SUBSTITUTE(SUBSTITUTE(VCBW,"AMR_",""),"EVS_",""),"SO3_",""),"SO68_",""),"SO73_",""),$P$3:$R$75,ROW(B30)-ROW($P$3)+1,FALSE)), ""," / "&HLOOKUP(SUBSTITUTE(SUBSTITUTE(SUBSTITUTE(SUBSTITUTE(SUBSTITUTE(VCBW,"AMR_",""),"EVS_",""),"SO3_",""),"SO68_",""),"SO73_",""),$P$3:$R$75,ROW(B30)-ROW($P$3)+1,FALSE)) -> 5.6 / 7.6 | D30: max vol. | E30: =HLOOKUP(IF(OR("GSM"=Network,"WCDMA"=Network),"UMTS",IF(OR("VoLTE"=Network,"VoNR"=Network,"VoWiFi"=Network),"VoIMS",Network))&" "&VCBW,$T$3:$AF$75,ROW(E30)-ROW($T$3)+1,FALSE) -> 6 | F30: =HLOOKUP(IF(OR("GSM"=Network,"WCDMA"=Network),"UMTS",IF(OR("VoLTE"=Network,"VoNR"=Network,"VoWiFi"=Network),"VoIMS",Network))&" "&VCBW,$AG$3:$AS$75,ROW(E30)-ROW($AG$3)+1,FALSE) -> N/A | G30: dB | H30: 1 | M30: 5.6 | N30: 6.6 | O30: 7.6 | P30: 7.6 | Q30: 8.6 | R30: 9.6 | T30: 6 | U30: 6 | V30: 6 | W30: 6 | X30: 6 | Y30: 6 | Z30: 6 | AA30: 6 | AB30: 6 | AC30: 6 | AD30: 6 | AE30: 6 | AF30: 6 | AG30: N/A | AH30: N/A | AI30: N/A | AJ30: N/A | AK30: N/A | AL30: N/A | AM30: N/A | AN30: N/A | AO30: N/A | AP30: N/A | AQ30: N/A | AR30: N/A | AS30: N/A
A31: Acoustic echo control | B31: =HLOOKUP(SUBSTITUTE(SUBSTITUTE(SUBSTITUTE(SUBSTITUTE(SUBSTITUTE(VCBW,"AMR_",""),"EVS_",""),"SO3_",""),"SO68_",""),"SO73_",""),$M$3:$O$75,ROW(B31)-ROW($M$3)+1,FALSE)&IF(ISBLANK(HLOOKUP(SUBSTITUTE(SUBSTITUTE(SUBSTITUTE(SUBSTITUTE(SUBSTITUTE(VCBW,"AMR_",""),"EVS_",""),"SO3_",""),"SO68_",""),"SO73_",""),$P$3:$R$75,ROW(B31)-ROW($P$3)+1,FALSE)), ""," / "&HLOOKUP(SUBSTITUTE(SUBSTITUTE(SUBSTITUTE(SUBSTITUTE(SUBSTITUTE(VCBW,"AMR_",""),"EVS_",""),"SO3_",""),"SO68_",""),"SO73_",""),$P$3:$R$75,ROW(B31)-ROW($P$3)+1,FALSE)) -> 5.7.4 / 7.7.3 | C31: Echo Loss (TCLw) | D31: max vol. | E31: =HLOOKUP(IF(OR("GSM"=Network,"WCDMA"=Network),"UMTS",IF(OR("VoLTE"=Network,"VoNR"=Network,"VoWiFi"=Network),"VoIMS",Network))&" "&VCBW,$T$3:$AF$75,ROW(E31)-ROW($T$3)+1,FALSE) -> 46 | F31: =HLOOKUP(IF(OR("GSM"=Network,"WCDMA"=Network),"UMTS",IF(OR("VoLTE"=Network,"VoNR"=Network,"VoWiFi"=Network),"VoIMS",Network))&" "&VCBW,$AG$3:$AS$75,ROW(E31)-ROW($AG$3)+1,FALSE) -> N/A | G31: dB | H31: 1 | M31: 5.7.4 | N31: 6.7.4 | O31: 7.7.4 | P31: 7.7.3 | Q31: 8.7.3 | R31: 9.7.3 | T31: 46 | U31: 46 | V31: 46 | W31: 46 | X31: 46 | Y31: 46 | Z31: 46 | AA31: 46 | AB31: 46 | AC31: 46 | AD31: 46 | AE31: 46 | AF31: 46 | AG31: N/A | AH31: N/A | AI31: N/A | AJ31: N/A | AK31: N/A | AL31: N/A | AM31: N/A | AN31: N/A | AO31: N/A | AP31: N/A | AQ31: N/A | AR31: N/A | AS31: N/A
B32: =HLOOKUP(SUBSTITUTE(SUBSTITUTE(SUBSTITUTE(SUBSTITUTE(SUBSTITUTE(VCBW,"AMR_",""),"EVS_",""),"SO3_",""),"SO68_",""),"SO73_",""),$M$3:$O$75,ROW(B32)-ROW($M$3)+1,FALSE)&IF(ISBLANK(HLOOKUP(SUBSTITUTE(SUBSTITUTE(SUBSTITUTE(SUBSTITUTE(SUBSTITUTE(VCBW,"AMR_",""),"EVS_",""),"SO3_",""),"SO68_",""),"SO73_",""),$P$3:$R$75,ROW(B32)-ROW($P$3)+1,FALSE)), ""," / "&HLOOKUP(SUBSTITUTE(SUBSTITUTE(SUBSTITUTE(SUBSTITUTE(SUBSTITUTE(VCBW,"AMR_",""),"EVS_",""),"SO3_",""),"SO68_",""),"SO73_",""),$P$3:$R$75,ROW(B32)-ROW($P$3)+1,FALSE)) -> 5.7.4 / 7.7.3 | D32: mon. vol. | E32: =HLOOKUP(IF(OR("GSM"=Network,"WCDMA"=Network),"UMTS",IF(OR("VoLTE"=Network,"VoNR"=Network,"VoWiFi"=Network),"VoIMS",Network))&" "&VCBW,$T$3:$AF$75,ROW(E32)-ROW($T$3)+1,FALSE) -> 55 | F32: =HLOOKUP(IF(OR("GSM"=Network,"WCDMA"=Network),"UMTS",IF(OR("VoLTE"=Network,"VoNR"=Network,"VoWiFi"=Network),"VoIMS",Network))&" "&VCBW,$AG$3:$AS$75,ROW(E32)-ROW($AG$3)+1,FALSE) -> N/A | G32: dB | H32: 1 | M32: 5.7.4 | N32: 6.7.4 | O32: 7.7.4 | P32: 7.7.3 | Q32: 8.7.3 | R32: 9.7.3 | T32: 55 | U32: 55 | V32: 55 | W32: 55 | X32: 55 | Y32: 55 | Z32: 55 | AA32: 55 | AB32: 55 | AC32: 55 | AD32: 55 | AE32: 55 | AF32: 55 | AG32: N/A | AH32: N/A | AI32: N/A | AJ32: N/A | AK32: N/A | AL32: N/A | AM32: N/A | AN32: N/A | AO32: N/A | AP32: N/A | AQ32: N/A | AR32: N/A | AS32: N/A
B33: =HLOOKUP(SUBSTITUTE(SUBSTITUTE(SUBSTITUTE(SUBSTITUTE(SUBSTITUTE(VCBW,"AMR_",""),"EVS_",""),"SO3_",""),"SO68_",""),"SO73_",""),$M$3:$O$75,ROW(B33)-ROW($M$3)+1,FALSE)&IF(ISBLANK(HLOOKUP(SUBSTITUTE(SUBSTITUTE(SUBSTITUTE(SUBSTITUTE(SUBSTITUTE(VCBW,"AMR_",""),"EVS_",""),"SO3_",""),"SO68_",""),"SO73_",""),$P$3:$R$75,ROW(B33)-ROW($P$3)+1,FALSE)), ""," / "&HLOOKUP(SUBSTITUTE(SUBSTITUTE(SUBSTITUTE(SUBSTITUTE(SUBSTITUTE(VCBW,"AMR_",""),"EVS_",""),"SO3_",""),"SO68_",""),"SO73_",""),$P$3:$R$75,ROW(B33)-ROW($P$3)+1,FALSE)) -> 5.7.4 / 7.7.3 | D33: min vol. | E33: =HLOOKUP(IF(OR("GSM"=Network,"WCDMA"=Network),"UMTS",IF(OR("VoLTE"=Network,"VoNR"=Network,"VoWiFi"=Network),"VoIMS",Network))&" "&VCBW,$T$3:$AF$75,ROW(E33)-ROW($T$3)+1,FALSE) -> 46 | F33: =HLOOKUP(IF(OR("GSM"=Network,"WCDMA"=Network),"UMTS",IF(OR("VoLTE"=Network,"VoNR"=Network,"VoWiFi"=Network),"VoIMS",Network))&" "&VCBW,$AG$3:$AS$75,ROW(E33)-ROW($AG$3)+1,FALSE) -> N/A | G33: dB | H33: 1 | M33: 5.7.4 | N33: 6.7.4 | O33: 7.7.4 | P33: 7.7.3 | Q33: 8.7.3 | R33: 9.7.3 | T33: 46 | U33: 46 | V33: 46 | W33: 46 | X33: 46 | Y33: 46 | Z33: 46 | AA33: 46 | AB33: 46 | AC33: 46 | AD33: 46 | AE33: 46 | AF33: 46 | AG33: N/A | AH33: N/A | AI33: N/A | AJ33: N/A | AK33: N/A | AL33: N/A | AM33: N/A | AN33: N/A | AO33: N/A | AP33: N/A | AQ33: N/A | AR33: N/A | AS33: N/A
A34: Distortion | B34: =HLOOKUP(SUBSTITUTE(SUBSTITUTE(SUBSTITUTE(SUBSTITUTE(SUBSTITUTE(VCBW,"AMR_",""),"EVS_",""),"SO3_",""),"SO68_",""),"SO73_",""),$M$3:$O$75,ROW(B34)-ROW($M$3)+1,FALSE)&IF(ISBLANK(HLOOKUP(SUBSTITUTE(SUBSTITUTE(SUBSTITUTE(SUBSTITUTE(SUBSTITUTE(VCBW,"AMR_",""),"EVS_",""),"SO3_",""),"SO68_",""),"SO73_",""),$P$3:$R$75,ROW(B34)-ROW($P$3)+1,FALSE)), ""," / "&HLOOKUP(SUBSTITUTE(SUBSTITUTE(SUBSTITUTE(SUBSTITUTE(SUBSTITUTE(VCBW,"AMR_",""),"EVS_",""),"SO3_",""),"SO68_",""),"SO73_",""),$P$3:$R$75,ROW(B34)-ROW($P$3)+1,FALSE)) -> 5.8.1 / 7.8.1 | C34: SND 1020Hz | E34: =HLOOKUP(IF(OR("GSM"=Network,"WCDMA"=Network),"UMTS",IF(OR("VoLTE"=Network,"VoNR"=Network,"VoWiFi"=Network),"VoIMS",Network))&" "&VCBW,$T$3:$AF$75,ROW(E34)-ROW($T$3)+1,FALSE) -> mask | F34: =HLOOKUP(IF(OR("GSM"=Network,"WCDMA"=Network),"UMTS",IF(OR("VoLTE"=Network,"VoNR"=Network,"VoWiFi"=Network),"VoIMS",Network))&" "&VCBW,$AG$3:$AS$75,ROW(E34)-ROW($AG$3)+1,FALSE) -> N/A | G34: N/A | H34: 1 | M34: 5.8.1 | N34: 6.8.1 | O34: 7.8.1 | P34: 7.8.1 | Q34: 8.8.1 | R34: 9.8.1 | T34: mask | U34: mask | V34: mask | W34: mask | X34: mask | Y34: mask | Z34: mask | AA34: mask | AB34: mask | AC34: mask | AD34: mask | AE34: mask | AF34: mask | AG34: N/A | AH34: N/A | AI34: N/A | AJ34: N/A | AK34: N/A | AL34: N/A | AM34: N/A | AN34: N/A | AO34: N/A | AP34: N/A | AQ34: N/A | AR34: N/A | AS34: N/A
B35: =HLOOKUP(SUBSTITUTE(SUBSTITUTE(SUBSTITUTE(SUBSTITUTE(SUBSTITUTE(VCBW,"AMR_",""),"EVS_",""),"SO3_",""),"SO68_",""),"SO73_",""),$M$3:$O$75,ROW(B35)-ROW($M$3)+1,FALSE)&IF(ISBLANK(HLOOKUP(SUBSTITUTE(SUBSTITUTE(SUBSTITUTE(SUBSTITUTE(SUBSTITUTE(VCBW,"AMR_",""),"EVS_",""),"SO3_",""),"SO68_",""),"SO73_",""),$P$3:$R$75,ROW(B35)-ROW($P$3)+1,FALSE)), ""," / "&HLOOKUP(SUBSTITUTE(SUBSTITUTE(SUBSTITUTE(SUBSTITUTE(SUBSTITUTE(VCBW,"AMR_",""),"EVS_",""),"SO3_",""),"SO68_",""),"SO73_",""),$P$3:$R$75,ROW(B35)-ROW($P$3)+1,FALSE)) -> × / 7.8.1 | C35: SND -4.7dBPa | E35: =HLOOKUP(IF(OR("GSM"=Network,"WCDMA"=Network),"UMTS",IF(OR("VoLTE"=Network,"VoNR"=Network,"VoWiFi"=Network),"VoIMS",Network))&" "&VCBW,$T$3:$AF$75,ROW(E35)-ROW($T$3)+1,FALSE) -> mask | F35: =HLOOKUP(IF(OR("GSM"=Network,"WCDMA"=Network),"UMTS",IF(OR("VoLTE"=Network,"VoNR"=Network,"VoWiFi"=Network),"VoIMS",Network))&" "&VCBW,$AG$3:$AS$75,ROW(E35)-ROW($AG$3)+1,FALSE) -> N/A | G35: N/A | H35: 1 | M35: × | N35: 6.8.1 | O35: 7.8.1 | P35: 7.8.1 | Q35: 8.8.1 | R35: 9.8.1 | T35: mask | U35: mask | V35: mask | W35: mask | X35: mask | Y35: mask | Z35: mask | AA35: mask | AB35: mask | AC35: mask | AD35: mask | AE35: mask | AF35: mask | AG35: N/A | AH35: N/A | AI35: N/A | AJ35: N/A | AK35: N/A | AL35: N/A | AM35: N/A | AN35: N/A | AO35: N/A | AP35: N/A | AQ35: N/A | AR35: N/A | AS35: N/A
B36: =HLOOKUP(SUBSTITUTE(SUBSTITUTE(SUBSTITUTE(SUBSTITUTE(SUBSTITUTE(VCBW,"AMR_",""),"EVS_",""),"SO3_",""),"SO68_",""),"SO73_",""),$M$3:$O$75,ROW(B36)-ROW($M$3)+1,FALSE)&IF(ISBLANK(HLOOKUP(SUBSTITUTE(SUBSTITUTE(SUBSTITUTE(SUBSTITUTE(SUBSTITUTE(VCBW,"AMR_",""),"EVS_",""),"SO3_",""),"SO68_",""),"SO73_",""),$P$3:$R$75,ROW(B36)-ROW($P$3)+1,FALSE)), ""," / "&HLOOKUP(SUBSTITUTE(SUBSTITUTE(SUBSTITUTE(SUBSTITUTE(SUBSTITUTE(VCBW,"AMR_",""),"EVS_",""),"SO3_",""),"SO68_",""),"SO73_",""),$P$3:$R$75,ROW(B36)-ROW($P$3)+1,FALSE)) -> 5.8.2 / 7.8.2 | C36: RCV 1020Hz | D36: man. vol. | E36: =HLOOKUP(IF(OR("GSM"=Network,"WCDMA"=Network),"UMTS",IF(OR("VoLTE"=Network,"VoNR"=Network,"VoWiFi"=Network),"VoIMS",Network))&" "&VCBW,$T$3:$AF$75,ROW(E36)-ROW($T$3)+1,FALSE) -> mask | F36: =HLOOKUP(IF(OR("GSM"=Network,"WCDMA"=Network),"UMTS",IF(OR("VoLTE"=Network,"VoNR"=Network,"VoWiFi"=Network),"VoIMS",Network))&" "&VCBW,$AG$3:$AS$75,ROW(E36)-ROW($AG$3)+1,FALSE) -> N/A | G36: N/A | H36: 1 | M36: 5.8.2 | N36: 6.8.2 | O36: 7.8.2 | P36: 7.8.2 | Q36: 8.8.2 | R36: 9.8.2 | T36: mask | U36: mask | V36: mask | W36: mask | X36: mask | Y36: mask | Z36: mask | AA36: mask | AB36: mask | AC36: mask | AD36: mask | AE36: mask | AF36: mask | AG36: N/A | AH36: N/A | AI36: N/A | AJ36: N/A | AK36: N/A | AL36: N/A | AM36: N/A | AN36: N/A | AO36: N/A | AP36: N/A | AQ36: N/A | AR36: N/A | AS36: N/A
B37: =HLOOKUP(SUBSTITUTE(SUBSTITUTE(SUBSTITUTE(SUBSTITUTE(SUBSTITUTE(VCBW,"AMR_",""),"EVS_",""),"SO3_",""),"SO68_",""),"SO73_",""),$M$3:$O$75,ROW(B37)-ROW($M$3)+1,FALSE)&IF(ISBLANK(HLOOKUP(SUBSTITUTE(SUBSTITUTE(SUBSTITUTE(SUBSTITUTE(SUBSTITUTE(VCBW,"AMR_",""),"EVS_",""),"SO3_",""),"SO68_",""),"SO73_",""),$P$3:$R$75,ROW(B37)-ROW($P$3)+1,FALSE)), ""," / "&HLOOKUP(SUBSTITUTE(SUBSTITUTE(SUBSTITUTE(SUBSTITUTE(SUBSTITUTE(VCBW,"AMR_",""),"EVS_",""),"SO3_",""),"SO68_",""),"SO73_",""),$P$3:$R$75,ROW(B37)-ROW($P$3)+1,FALSE)) -> 5.8.2 / 7.8.2 | D37: nom vol. | E37: =HLOOKUP(IF(OR("GSM"=Network,"WCDMA"=Network),"UMTS",IF(OR("VoLTE"=Network,"VoNR"=Network,"VoWiFi"=Network),"VoIMS",Network))&" "&VCBW,$T$3:$AF$75,ROW(E37)-ROW($T$3)+1,FALSE) -> mask | F37: =HLOOKUP(IF(OR("GSM"=Network,"WCDMA"=Network),"UMTS",IF(OR("VoLTE"=Network,"VoNR"=Network,"VoWiFi"=Network),"VoIMS",Network))&" "&VCBW,$AG$3:$AS$75,ROW(E37)-ROW($AG$3)+1,FALSE) -> N/A | G37: N/A | H37: 1 | M37: 5.8.2 | N37: 6.8.2 | O37: 7.8.2 | P37: 7.8.2 | Q37: 8.8.2 | R37: 9.8.2 | T37: mask | U37: mask | V37: mask | W37: mask | X37: mask | Y37: mask | Z37: mask | AA37: mask | AB37: mask | AC37: mask | AD37: mask | AE37: mask | AF37: mask | AG37: N/A | AH37: N/A | AI37: N/A | AJ37: N/A | AK37: N/A | AL37: N/A | AM37: N/A | AN37: N/A | AO37: N/A | AP37: N/A | AQ37: N/A | AR37: N/A | AS37: N/A
B38: =HLOOKUP(SUBSTITUTE(SUBSTITUTE(SUBSTITUTE(SUBSTITUTE(SUBSTITUTE(VCBW,"AMR_",""),"EVS_",""),"SO3_",""),"SO68_",""),"SO73_",""),$M$3:$O$75,ROW(B38)-ROW($M$3)+1,FALSE)&IF(ISBLANK(HLOOKUP(SUBSTITUTE(SUBSTITUTE(SUBSTITUTE(SUBSTITUTE(SUBSTITUTE(VCBW,"AMR_",""),"EVS_",""),"SO3_",""),"SO68_",""),"SO73_",""),$P$3:$R$75,ROW(B38)-ROW($P$3)+1,FALSE)), ""," / "&HLOOKUP(SUBSTITUTE(SUBSTITUTE(SUBSTITUTE(SUBSTITUTE(SUBSTITUTE(VCBW,"AMR_",""),"EVS_",""),"SO3_",""),"SO68_",""),"SO73_",""),$P$3:$R$75,ROW(B38)-ROW($P$3)+1,FALSE)) -> 5.8.2 / 7.8.2 | C38: RCV -16dBm0 | D38: max vol. | E38: =HLOOKUP(IF(OR("GSM"=Network,"WCDMA"=Network),"UMTS",IF(OR("VoLTE"=Network,"VoNR"=Network,"VoWiFi"=Network),"VoIMS",Network))&" "&VCBW,$T$3:$AF$75,ROW(E38)-ROW($T$3)+1,FALSE) -> mask | F38: =HLOOKUP(IF(OR("GSM"=Network,"WCDMA"=Network),"UMTS",IF(OR("VoLTE"=Network,"VoNR"=Network,"VoWiFi"=Network),"VoIMS",Network))&" "&VCBW,$AG$3:$AS$75,ROW(E38)-ROW($AG$3)+1,FALSE) -> N/A | G38: N/A | H38: 1 | M38: 5.8.2 | N38: 6.8.2 | O38: 7.8.2 | P38: 7.8.2 | Q38: 8.8.2 | R38: 9.8.2 | T38: mask | U38: mask | V38: mask | W38: mask | X38: mask | Y38: mask | Z38: mask | AA38: mask | AB38: mask | AC38: mask | AD38: mask | AE38: mask | AF38: mask | AG38: N/A | AH38: N/A | AI38: N/A | AJ38: N/A | AK38: N/A | AL38: N/A | AM38: N/A | AN38: N/A | AO38: N/A | AP38: N/A | AQ38: N/A | AR38: N/A | AS38: N/A
B39: =HLOOKUP(SUBSTITUTE(SUBSTITUTE(SUBSTITUTE(SUBSTITUTE(SUBSTITUTE(VCBW,"AMR_",""),"EVS_",""),"SO3_",""),"SO68_",""),"SO73_",""),$M$3:$O$75,ROW(B39)-ROW($M$3)+1,FALSE)&IF(ISBLANK(HLOOKUP(SUBSTITUTE(SUBSTITUTE(SUBSTITUTE(SUBSTITUTE(SUBSTITUTE(VCBW,"AMR_",""),"EVS_",""),"SO3_",""),"SO68_",""),"SO73_",""),$P$3:$R$75,ROW(B39)-ROW($P$3)+1,FALSE)), ""," / "&HLOOKUP(SUBSTITUTE(SUBSTITUTE(SUBSTITUTE(SUBSTITUTE(SUBSTITUTE(VCBW,"AMR_",""),"EVS_",""),"SO3_",""),"SO68_",""),"SO73_",""),$P$3:$R$75,ROW(B39)-ROW($P$3)+1,FALSE)) -> 5.8.2 / 7.8.2 | D39: nom vol. | E39: =HLOOKUP(IF(OR("GSM"=Network,"WCDMA"=Network),"UMTS",IF(OR("VoLTE"=Network,"VoNR"=Network,"VoWiFi"=Network),"VoIMS",Network))&" "&VCBW,$T$3:$AF$75,ROW(E39)-ROW($T$3)+1,FALSE) -> mask | F39: =HLOOKUP(IF(OR("GSM"=Network,"WCDMA"=Network),"UMTS",IF(OR("VoLTE"=Network,"VoNR"=Network,"VoWiFi"=Network),"VoIMS",Network))&" "&VCBW,$AG$3:$AS$75,ROW(E39)-ROW($AG$3)+1,FALSE) -> N/A | G39: N/A | H39: 1 | M39: 5.8.2 | N39: 6.8.2 | O39: 7.8.2 | P39: 7.8.2 | Q39: 8.8.2 | R39: 9.8.2 | T39: mask | U39: mask | V39: mask | W39: mask | X39: mask | Y39: mask | Z39: mask | AA39: mask | AB39: mask | AC39: mask | AD39: mask | AE39: mask | AF39: mask | AG39: N/A | AH39: N/A | AI39: N/A | AJ39: N/A | AK39: N/A | AL39: N/A | AM39: N/A | AN39: N/A | AO39: N/A | AP39: N/A | AQ39: N/A | AR39: N/A | AS39: N/A
A40: Delay | B40: =HLOOKUP(SUBSTITUTE(SUBSTITUTE(SUBSTITUTE(SUBSTITUTE(SUBSTITUTE(VCBW,"AMR_",""),"EVS_",""),"SO3_",""),"SO68_",""),"SO73_",""),$M$3:$O$75,ROW(B40)-ROW($M$3)+1,FALSE)&IF(ISBLANK(HLOOKUP(SUBSTITUTE(SUBSTITUTE(SUBSTITUTE(SUBSTITUTE(SUBSTITUTE(VCBW,"AMR_",""),"EVS_",""),"SO3_",""),"SO68_",""),"SO73_",""),$P$3:$R$75,ROW(B40)-ROW($P$3)+1,FALSE)), ""," / "&HLOOKUP(SUBSTITUTE(SUBSTITUTE(SUBSTITUTE(SUBSTITUTE(SUBSTITUTE(VCBW,"AMR_",""),"EVS_",""),"SO3_",""),"SO68_",""),"SO73_",""),$P$3:$R$75,ROW(B40)-ROW($P$3)+1,FALSE)) -> 5.12.1 / 7.10 | C40: Round-trip | D40: TS+TR | E40: =HLOOKUP(IF(OR("GSM"=Network,"WCDMA"=Network),"UMTS",IF(OR("VoLTE"=Network,"VoNR"=Network,"VoWiFi"=Network),"VoIMS",Network))&" "&VCBW,$T$3:$AF$75,ROW(E40)-ROW($T$3)+1,FALSE) -> 0 | F40: =HLOOKUP(IF(OR("GSM"=Network,"WCDMA"=Network),"UMTS",IF(OR("VoLTE"=Network,"VoNR"=Network,"VoWiFi"=Network),"VoIMS",Network))&" "&VCBW,$AG$3:$AS$75,ROW(E40)-ROW($AG$3)+1,FALSE) -> 190 | G40: ms | H40: 1 | M40: 5.12.1 | N40: 6.11.1 | O40: 7.11.1 | P40: 7.10 | Q40: 8.10 | R40: 9.10 | T40: 0 | U40: 0 | V40: 0 | W40: 0 | X40: 0 | Y40: 0 | Z40: 0 | AA40: 0 | AB40: 0 | AC40: 0 | AD40: 0 | AE40: 0 | AF40: 0 | AG40: 220 | AH40: 220 | AI40: 190 | AJ40: 190 | AK40: 190 | AL40: 190 | AM40: 190 | AN40: 220 | AO40: 220 | AP40: 220 | AQ40: 220 | AR40: N/A | AS40: N/A
A41: Echo control characteristics | B41: =HLOOKUP(SUBSTITUTE(SUBSTITUTE(SUBSTITUTE(SUBSTITUTE(SUBSTITUTE(VCBW,"AMR_",""),"EVS_",""),"SO3_",""),"SO68_",""),"SO73_",""),$M$3:$O$75,ROW(B41)-ROW($M$3)+1,FALSE)&IF(ISBLANK(HLOOKUP(SUBSTITUTE(SUBSTITUTE(SUBSTITUTE(SUBSTITUTE(SUBSTITUTE(VCBW,"AMR_",""),"EVS_",""),"SO3_",""),"SO68_",""),"SO73_",""),$P$3:$R$75,ROW(B41)-ROW($P$3)+1,FALSE)), ""," / "&HLOOKUP(SUBSTITUTE(SUBSTITUTE(SUBSTITUTE(SUBSTITUTE(SUBSTITUTE(VCBW,"AMR_",""),"EVS_",""),"SO3_",""),"SO68_",""),"SO73_",""),$P$3:$R$75,ROW(B41)-ROW($P$3)+1,FALSE)) -> 5.13.1 / 7.11 | C41: Short DT Class | D41: A1 | E41: =HLOOKUP(IF(OR("GSM"=Network,"WCDMA"=Network),"UMTS",IF(OR("VoLTE"=Network,"VoNR"=Network,"VoWiFi"=Network),"VoIMS",Network))&" "&VCBW,$T$3:$AF$75,ROW(E41)-ROW($T$3)+1,FALSE) -> 0.9 | F41: =HLOOKUP(IF(OR("GSM"=Network,"WCDMA"=Network),"UMTS",IF(OR("VoLTE"=Network,"VoNR"=Network,"VoWiFi"=Network),"VoIMS",Network))&" "&VCBW,$AG$3:$AS$75,ROW(E41)-ROW($AG$3)+1,FALSE) -> 1 | G41: % | H41: 2 | M41: 5.13.1 | N41: 6.12.1 | O41: 7.12.1 | P41: 7.11 | Q41: 8.11 | R41: 9.11 | T41: 0.9 | U41: 0.9 | V41: 0.9 | W41: 0.9 | X41: 0.9 | Y41: 0.9 | Z41: 0.9 | AA41: 0.9 | AB41: 0.9 | AC41: 0.9 | AD41: 0.9 | AE41: 0.9 | AF41: 0.9 | AG41: 1 | AH41: 1 | AI41: 1 | AJ41: 1 | AK41: 1 | AL41: 1 | AM41: 1 | AN41: 1 | AO41: 1 | AP41: 1 | AQ41: 1 | AR41: 1 | AS41: 1
D42: A1 + A2 | E42: =HLOOKUP(IF(OR("GSM"=Network,"WCDMA"=Network),"UMTS",IF(OR("VoLTE"=Network,"VoNR"=Network,"VoWiFi"=Network),"VoIMS",Network))&" "&VCBW,$T$3:$AF$75,ROW(E42)-ROW($T$3)+1,FALSE) -> 0.95 | F42: =HLOOKUP(IF(OR("GSM"=Network,"WCDMA"=Network),"UMTS",IF(OR("VoLTE"=Network,"VoNR"=Network,"VoWiFi"=Network),"VoIMS",Network))&" "&VCBW,$AG$3:$AS$75,ROW(E42)-ROW($AG$3)+1,FALSE) -> 1 | G42: % | H42: 1 | M42: 5.13.1 | N42: 6.12.1 | O42: 7.12.1 | P42: 7.11 | Q42: 8.11 | R42: 9.11 | T42: 0.95 | U42: 0.95 | V42: 0.95 | W42: 0.95 | X42: 0.95 | Y42: 0.95 | Z42: 0.95 | AA42: 0.95 | AB42: 0.95 | AC42: 0.95 | AD42: 0.95 | AE42: 0.95 | AF42: 0.95 | AG42: 1 | AH42: 1 | AI42: 1 | AJ42: 1 | AK42: 1 | AL42: 1 | AM42: 1 | AN42: 1 | AO42: 1 | AP42: 1 | AQ42: 1 | AR42: 1 | AS42: 1
B43: =HLOOKUP(SUBSTITUTE(SUBSTITUTE(SUBSTITUTE(SUBSTITUTE(SUBSTITUTE(VCBW,"AMR_",""),"EVS_",""),"SO3_",""),"SO68_",""),"SO73_",""),$M$3:$O$75,ROW(B43)-ROW($M$3)+1,FALSE)&IF(ISBLANK(HLOOKUP(SUBSTITUTE(SUBSTITUTE(SUBSTITUTE(SUBSTITUTE(SUBSTITUTE(VCBW,"AMR_",""),"EVS_",""),"SO3_",""),"SO68_",""),"SO73_",""),$P$3:$R$75,ROW(B43)-ROW($P$3)+1,FALSE)), ""," / "&HLOOKUP(SUBSTITUTE(SUBSTITUTE(SUBSTITUTE(SUBSTITUTE(SUBSTITUTE(VCBW,"AMR_",""),"EVS_",""),"SO3_",""),"SO68_",""),"SO73_",""),$P$3:$R$75,ROW(B43)-ROW($P$3)+1,FALSE)) -> 5.13.1 / 7.11 | C43: Short ST Class | D43: A1 + A2 | E43: =HLOOKUP(IF(OR("GSM"=Network,"WCDMA"=Network),"UMTS",IF(OR("VoLTE"=Network,"VoNR"=Network,"VoWiFi"=Network),"VoIMS",Network))&" "&VCBW,$T$3:$AF$75,ROW(E43)-ROW($T$3)+1,FALSE) -> 0.95 | F43: =HLOOKUP(IF(OR("GSM"=Network,"WCDMA"=Network),"UMTS",IF(OR("VoLTE"=Network,"VoNR"=Network,"VoWiFi"=Network),"VoIMS",Network))&" "&VCBW,$AG$3:$AS$75,ROW(E43)-ROW($AG$3)+1,FALSE) -> 1 | G43: % | H43: 1 | M43: 5.13.1 | N43: 6.12.1 | O43: 7.12.1 | P43: 7.11 | Q43: 8.11 | R43: 9.11 | T43: 0.95 | U43: 0.95 | V43: 0.95 | W43: 0.95 | X43: 0.95 | Y43: 0.95 | Z43: 0.95 | AA43: 0.95 | AB43: 0.95 | AC43: 0.95 | AD43: 0.95 | AE43: 0.95 | AF43: 0.95 | AG43: 1 | AH43: 1 | AI43: 1 | AJ43: 1 | AK43: 1 | AL43: 1 | AM43: 1 | AN43: 1 | AO43: 1 | AP43: 1 | AQ43: 1 | AR43: 1 | AS43: 1
C44: Long DT Class | D44: A1 | E44: =HLOOKUP(IF(OR("GSM"=Network,"WCDMA"=Network),"UMTS",IF(OR("VoLTE"=Network,"VoNR"=Network,"VoWiFi"=Network),"VoIMS",Network))&" "&VCBW,$T$3:$AF$75,ROW(E44)-ROW($T$3)+1,FALSE) -> 0.9 | F44: =HLOOKUP(IF(OR("GSM"=Network,"WCDMA"=Network),"UMTS",IF(OR("VoLTE"=Network,"VoNR"=Network,"VoWiFi"=Network),"VoIMS",Network))&" "&VCBW,$AG$3:$AS$75,ROW(E44)-ROW($AG$3)+1,FALSE) -> 1 | G44: % | H44: 2 | M44: 5.13.1 | N44: 6.12.1 | O44: 7.12.1 | P44: 7.11 | Q44: 8.11 | R44: 9.11 | T44: 0.9 | U44: 0.9 | V44: 0.9 | W44: 0.9 | X44: 0.9 | Y44: 0.9 | Z44: 0.9 | AA44: 0.9 | AB44: 0.9 | AC44: 0.9 | AD44: 0.9 | AE44: 0.9 | AF44: 0.9 | AG44: 1 | AH44: 1 | AI44: 1 | AJ44: 1 | AK44: 1 | AL44: 1 | AM44: 1 | AN44: 1 | AO44: 1 | AP44: 1 | AQ44: 1 | AR44: 1 | AS44: 1
B45: =HLOOKUP(SUBSTITUTE(SUBSTITUTE(SUBSTITUTE(SUBSTITUTE(SUBSTITUTE(VCBW,"AMR_",""),"EVS_",""),"SO3_",""),"SO68_",""),"SO73_",""),$M$3:$O$75,ROW(B45)-ROW($M$3)+1,FALSE)&IF(ISBLANK(HLOOKUP(SUBSTITUTE(SUBSTITUTE(SUBSTITUTE(SUBSTITUTE(SUBSTITUTE(VCBW,"AMR_",""),"EVS_",""),"SO3_",""),"SO68_",""),"SO73_",""),$P$3:$R$75,ROW(B45)-ROW($P$3)+1,FALSE)), ""," / "&HLOOKUP(SUBSTITUTE(SUBSTITUTE(SUBSTITUTE(SUBSTITUTE(SUBSTITUTE(VCBW,"AMR_",""),"EVS_",""),"SO3_",""),"SO68_",""),"SO73_",""),$P$3:$R$75,ROW(B45)-ROW($P$3)+1,FALSE)) -> 5.13.1 / 7.11 | D45: A1 + A2 | E45: =HLOOKUP(IF(OR("GSM"=Network,"WCDMA"=Network),"UMTS",IF(OR("VoLTE"=Network,"VoNR"=Network,"VoWiFi"=Network),"VoIMS",Network))&" "&VCBW,$T$3:$AF$75,ROW(E45)-ROW($T$3)+1,FALSE) -> 0.95 | F45: =HLOOKUP(IF(OR("GSM"=Network,"WCDMA"=Network),"UMTS",IF(OR("VoLTE"=Network,"VoNR"=Network,"VoWiFi"=Network),"VoIMS",Network))&" "&VCBW,$AG$3:$AS$75,ROW(E45)-ROW($AG$3)+1,FALSE) -> 1 | G45: % | H45: 1 | M45: 5.13.1 | N45: 6.12.1 | O45: 7.12.1 | P45: 7.11 | Q45: 8.11 | R45: 9.11 | T45: 0.95 | U45: 0.95 | V45: 0.95 | W45: 0.95 | X45: 0.95 | Y45: 0.95 | Z45: 0.95 | AA45: 0.95 | AB45: 0.95 | AC45: 0.95 | AD45: 0.95 | AE45: 0.95 | AF45: 0.95 | AG45: 1 | AH45: 1 | AI45: 1 | AJ45: 1 | AK45: 1 | AL45: 1 | AM45: 1 | AN45: 1 | AO45: 1 | AP45: 1 | AQ45: 1 | AR45: 1 | AS45: 1
B46: =HLOOKUP(SUBSTITUTE(SUBSTITUTE(SUBSTITUTE(SUBSTITUTE(SUBSTITUTE(VCBW,"AMR_",""),"EVS_",""),"SO3_",""),"SO68_",""),"SO73_",""),$M$3:$O$75,ROW(B46)-ROW($M$3)+1,FALSE)&IF(ISBLANK(HLOOKUP(SUBSTITUTE(SUBSTITUTE(SUBSTITUTE(SUBSTITUTE(SUBSTITUTE(VCBW,"AMR_",""),"EVS_",""),"SO3_",""),"SO68_",""),"SO73_",""),$P$3:$R$75,ROW(B46)-ROW($P$3)+1,FALSE)), ""," / "&HLOOKUP(SUBSTITUTE(SUBSTITUTE(SUBSTITUTE(SUBSTITUTE(SUBSTITUTE(VCBW,"AMR_",""),"EVS_",""),"SO3_",""),"SO68_",""),"SO73_",""),$P$3:$R$75,ROW(B46)-ROW($P$3)+1,FALSE)) -> 5.13.1 / 7.11 | C46: Long ST Class | D46: A1 + A2 | E46: =HLOOKUP(IF(OR("GSM"=Network,"WCDMA"=Network),"UMTS",IF(OR("VoLTE"=Network,"VoNR"=Network,"VoWiFi"=Network),"VoIMS",Network))&" "&VCBW,$T$3:$AF$75,ROW(E46)-ROW($T$3)+1,FALSE) -> 0.95 | F46: =HLOOKUP(IF(OR("GSM"=Network,"WCDMA"=Network),"UMTS",IF(OR("VoLTE"=Network,"VoNR"=Network,"VoWiFi"=Network),"VoIMS",Network))&" "&VCBW,$AG$3:$AS$75,ROW(E46)-ROW($AG$3)+1,FALSE) -> 1 | G46: % | H46: 1 | M46: 5.13.1 | N46: 6.12.1 | O46: 7.12.1 | P46: 7.11 | Q46: 8.11 | R46: 9.11 | T46: 0.95 | U46: 0.95 | V46: 0.95 | W46: 0.95 | X46: 0.95 | Y46: 0.95 | Z46: 0.95 | AA46: 0.95 | AB46: 0.95 | AC46: 0.95 | AD46: 0.95 | AE46: 0.95 | AF46: 0.95 | AG46: 1 | AH46: 1 | AI46: 1 | AJ46: 1 | AK46: 1 | AL46: 1 | AM46: 1 | AN46: 1 | AO46: 1 | AP46: 1 | AQ46: 1 | AR46: 1 | AS46: 1
A47: Quality in the presence of ambient noise | B47: =HLOOKUP(SUBSTITUTE(SUBSTITUTE(SUBSTITUTE(SUBSTITUTE(SUBSTITUTE(VCBW,"AMR_",""),"EVS_",""),"SO3_",""),"SO68_",""),"SO73_",""),$M$3:$O$75,ROW(B47)-ROW($M$3)+1,FALSE)&IF(ISBLANK(HLOOKUP(SUBSTITUTE(SUBSTITUTE(SUBSTITUTE(SUBSTITUTE(SUBSTITUTE(VCBW,"AMR_",""),"EVS_",""),"SO3_",""),"SO68_",""),"SO73_",""),$P$3:$R$75,ROW(B47)-ROW($P$3)+1,FALSE)), ""," / "&HLOOKUP(SUBSTITUTE(SUBSTITUTE(SUBSTITUTE(SUBSTITUTE(SUBSTITUTE(VCBW,"AMR_",""),"EVS_",""),"SO3_",""),"SO68_",""),"SO73_",""),$P$3:$R$75,ROW(B47)-ROW($P$3)+1,FALSE)) -> 5.11.2 / 7.12.1 | C47: S-MOS | D47: average | E47: =HLOOKUP(IF(OR("GSM"=Network,"WCDMA"=Network),"UMTS",IF(OR("VoLTE"=Network,"VoNR"=Network,"VoWiFi"=Network),"VoIMS",Network))&" "&VCBW,$T$3:$AF$75,ROW(E47)-ROW($T$3)+1,FALSE) -> 3.8 | F47: =HLOOKUP(IF(OR("GSM"=Network,"WCDMA"=Network),"UMTS",IF(OR("VoLTE"=Network,"VoNR"=Network,"VoWiFi"=Network),"VoIMS",Network))&" "&VCBW,$AG$3:$AS$75,ROW(E47)-ROW($AG$3)+1,FALSE) -> 5 | G47: N/A | H47: 1 | M47: 5.11.2 | N47: 6.10.2 | O47: 7.10.2 | P47: 7.12.1 | Q47: 8.12.1 | R47: 9.12.1 | T47: 3.8 | U47: 3.8 | V47: 3.8 | W47: 3.8 | X47: 3.8 | Y47: 3.8 | Z47: 3.8 | AA47: 3.8 | AB47: 3.8 | AC47: 3.8 | AD47: 3.8 | AE47: 3.8 | AF47: 3.8 | AG47: 5 | AH47: 5 | AI47: 5 | AJ47: 5 | AK47: 5 | AL47: 5 | AM47: 5 | AN47: 5 | AO47: 5 | AP47: 5 | AQ47: 5 | AR47: 5 | AS47: 5
B48: =HLOOKUP(SUBSTITUTE(SUBSTITUTE(SUBSTITUTE(SUBSTITUTE(SUBSTITUTE(VCBW,"AMR_",""),"EVS_",""),"SO3_",""),"SO68_",""),"SO73_",""),$M$3:$O$75,ROW(B48)-ROW($M$3)+1,FALSE)&IF(ISBLANK(HLOOKUP(SUBSTITUTE(SUBSTITUTE(SUBSTITUTE(SUBSTITUTE(SUBSTITUTE(VCBW,"AMR_",""),"EVS_",""),"SO3_",""),"SO68_",""),"SO73_",""),$P$3:$R$75,ROW(B48)-ROW($P$3)+1,FALSE)), ""," / "&HLOOKUP(SUBSTITUTE(SUBSTITUTE(SUBSTITUTE(SUBSTITUTE(SUBSTITUTE(VCBW,"AMR_",""),"EVS_",""),"SO3_",""),"SO68_",""),"SO73_",""),$P$3:$R$75,ROW(B48)-ROW($P$3)+1,FALSE)) -> 5.11.2 / 7.12.1 | C48: N-MOS | D48: average | E48: =HLOOKUP(IF(OR("GSM"=Network,"WCDMA"=Network),"UMTS",IF(OR("VoLTE"=Network,"VoNR"=Network,"VoWiFi"=Network),"VoIMS",Network))&" "&VCBW,$T$3:$AF$75,ROW(E48)-ROW($T$3)+1,FALSE) -> 3.7 | F48: =HLOOKUP(IF(OR("GSM"=Network,"WCDMA"=Network),"UMTS",IF(OR("VoLTE"=Network,"VoNR"=Network,"VoWiFi"=Network),"VoIMS",Network))&" "&VCBW,$AG$3:$AS$75,ROW(E48)-ROW($AG$3)+1,FALSE) -> 5 | G48: N/A | H48: 1 | M48: 5.11.2 | N48: 6.10.2 | O48: 7.10.2 | P48: 7.12.1 | Q48: 8.12.1 | R48: 9.12.1 | T48: 3.7 | U48: 3.7 | V48: 3.7 | W48: 3.7 | X48: 3.7 | Y48: 3.7 | Z48: 3.7 | AA48: 3.7 | AB48: 3.7 | AC48: 3.7 | AD48: 3.7 | AE48: 3.7 | AF48: 3.7 | AG48: 5 | AH48: 5 | AI48: 5 | AJ48: 5 | AK48: 5 | AL48: 5 | AM48: 5 | AN48: 5 | AO48: 5 | AP48: 5 | AQ48: 5 | AR48: 5 | AS48: 5
B49: =HLOOKUP(SUBSTITUTE(SUBSTITUTE(SUBSTITUTE(SUBSTITUTE(SUBSTITUTE(VCBW,"AMR_",""),"EVS_",""),"SO3_",""),"SO68_",""),"SO73_",""),$M$3:$O$75,ROW(B49)-ROW($M$3)+1,FALSE)&IF(ISBLANK(HLOOKUP(SUBSTITUTE(SUBSTITUTE(SUBSTITUTE(SUBSTITUTE(SUBSTITUTE(VCBW,"AMR_",""),"EVS_",""),"SO3_",""),"SO68_",""),"SO73_",""),$P$3:$R$75,ROW(B49)-ROW($P$3)+1,FALSE)), ""," / "&HLOOKUP(SUBSTITUTE(SUBSTITUTE(SUBSTITUTE(SUBSTITUTE(SUBSTITUTE(VCBW,"AMR_",""),"EVS_",""),"SO3_",""),"SO68_",""),"SO73_",""),$P$3:$R$75,ROW(B49)-ROW($P$3)+1,FALSE)) -> 5.11.2 / 7.12.1 | C49: G-MOS | D49: average | E49: =HLOOKUP(IF(OR("GSM"=Network,"WCDMA"=Network),"UMTS",IF(OR("VoLTE"=Network,"VoNR"=Network,"VoWiFi"=Network),"VoIMS",Network))&" "&VCBW,$T$3:$AF$75,ROW(E49)-ROW($T$3)+1,FALSE) -> 3.7 | F49: =HLOOKUP(IF(OR("GSM"=Network,"WCDMA"=Network),"UMTS",IF(OR("VoLTE"=Network,"VoNR"=Network,"VoWiFi"=Network),"VoIMS",Network))&" "&VCBW,$AG$3:$AS$75,ROW(E49)-ROW($AG$3)+1,FALSE) -> 5 | G49: N/A | H49: 1 | M49: 5.11.2 | N49: 6.10.2 | O49: 7.10.2 | P49: 7.12.1 | Q49: 8.12.1 | R49: 9.12.1 | T49: 3.7 | U49: 3.7 | V49: 3.7 | W49: 3.7 | X49: 3.7 | Y49: 3.7 | Z49: 3.7 | AA49: 3.7 | AB49: 3.7 | AC49: 3.7 | AD49: 3.7 | AE49: 3.7 | AF49: 3.7 | AG49: 5 | AH49: 5 | AI49: 5 | AJ49: 5 | AK49: 5 | AL49: 5 | AM49: 5 | AN49: 5 | AO49: 5 | AP49: 5 | AQ49: 5 | AR49: 5 | AS49: 5
B50: =HLOOKUP(SUBSTITUTE(SUBSTITUTE(SUBSTITUTE(SUBSTITUTE(SUBSTITUTE(VCBW,"AMR_",""),"EVS_",""),"SO3_",""),"SO68_",""),"SO73_",""),$M$3:$O$75,ROW(B50)-ROW($M$3)+1,FALSE)&IF(ISBLANK(HLOOKUP(SUBSTITUTE(SUBSTITUTE(SUBSTITUTE(SUBSTITUTE(SUBSTITUTE(VCBW,"AMR_",""),"EVS_",""),"SO3_",""),"SO68_",""),"SO73_",""),$P$3:$R$75,ROW(B50)-ROW($P$3)+1,FALSE)), ""," / "&HLOOKUP(SUBSTITUTE(SUBSTITUTE(SUBSTITUTE(SUBSTITUTE(SUBSTITUTE(VCBW,"AMR_",""),"EVS_",""),"SO3_",""),"SO68_",""),"SO73_",""),$P$3:$R$75,ROW(B50)-ROW($P$3)+1,FALSE)) -> 5.11.2 / 7.12.1 | C50: S-MOS | D50: Pub | E50: =HLOOKUP(IF(OR("GSM"=Network,"WCDMA"=Network),"UMTS",IF(OR("VoLTE"=Network,"VoNR"=Network,"VoWiFi"=Network),"VoIMS",Network))&" "&VCBW,$T$3:$AF$75,ROW(E50)-ROW($T$3)+1,FALSE) -> 3.5 | F50: =HLOOKUP(IF(OR("GSM"=Network,"WCDMA"=Network),"UMTS",IF(OR("VoLTE"=Network,"VoNR"=Network,"VoWiFi"=Network),"VoIMS",Network))&" "&VCBW,$AG$3:$AS$75,ROW(E50)-ROW($AG$3)+1,FALSE) -> 5 | G50: N/A | H50: 2 | M50: 5.11.2 | N50: 6.10.2 | O50: 7.10.2 | P50: 7.12.1 | Q50: 8.12.1 | R50: 9.12.1 | T50: 3.5 | U50: 3.5 | V50: 3.5 | W50: 3.5 | X50: 3.5 | Y50: 3.5 | Z50: 3.5 | AA50: 3.5 | AB50: 3.5 | AC50: 3.5 | AD50: 3.5 | AE50: 3.5 | AF50: 3.5 | AG50: 5 | AH50: 5 | AI50: 5 | AJ50: 5 | AK50: 5 | AL50: 5 | AM50: 5 | AN50: 5 | AO50: 5 | AP50: 5 | AQ50: 5 | AR50: 5 | AS50: 5
B51: =HLOOKUP(SUBSTITUTE(SUBSTITUTE(SUBSTITUTE(SUBSTITUTE(SUBSTITUTE(VCBW,"AMR_",""),"EVS_",""),"SO3_",""),"SO68_",""),"SO73_",""),$M$3:$O$75,ROW(B51)-ROW($M$3)+1,FALSE)&IF(ISBLANK(HLOOKUP(SUBSTITUTE(SUBSTITUTE(SUBSTITUTE(SUBSTITUTE(SUBSTITUTE(VCBW,"AMR_",""),"EVS_",""),"SO3_",""),"SO68_",""),"SO73_",""),$P$3:$R$75,ROW(B51)-ROW($P$3)+1,FALSE)), ""," / "&HLOOKUP(SUBSTITUTE(SUBSTITUTE(SUBSTITUTE(SUBSTITUTE(SUBSTITUTE(VCBW,"AMR_",""),"EVS_",""),"SO3_",""),"SO68_",""),"SO73_",""),$P$3:$R$75,ROW(B51)-ROW($P$3)+1,FALSE)) -> 5.11.2 / 7.12.1 | D51: Road | E51: =HLOOKUP(IF(OR("GSM"=Network,"WCDMA"=Network),"UMTS",IF(OR("VoLTE"=Network,"VoNR"=Network,"VoWiFi"=Network),"VoIMS",Network))&" "&VCBW,$T$3:$AF$75,ROW(E51)-ROW($T$3)+1,FALSE) -> 3.5 | F51: =HLOOKUP(IF(OR("GSM"=Network,"WCDMA"=Network),"UMTS",IF(OR("VoLTE"=Network,"VoNR"=Network,"VoWiFi"=Network),"VoIMS",Network))&" "&VCBW,$AG$3:$AS$75,ROW(E51)-ROW($AG$3)+1,FALSE) -> 5 | G51: N/A | H51: 2 | M51: 5.11.2 | N51: 6.10.2 | O51: 7.10.2 | P51: 7.12.1 | Q51: 8.12.1 | R51: 9.12.1 | T51: 3.5 | U51: 3.5 | V51: 3.5 | W51: 3.5 | X51: 3.5 | Y51: 3.5 | Z51: 3.5 | AA51: 3.5 | AB51: 3.5 | AC51: 3.5 | AD51: 3.5 | AE51: 3.5 | AF51: 3.5 | AG51: 5 | AH51: 5 | AI51: 5 | AJ51: 5 | AK51: 5 | AL51: 5 | AM51: 5 | AN51: 5 | AO51: 5 | AP51: 5 | AQ51: 5 | AR51: 5 | AS51: 5
B52: =HLOOKUP(SUBSTITUTE(SUBSTITUTE(SUBSTITUTE(SUBSTITUTE(SUBSTITUTE(VCBW,"AMR_",""),"EVS_",""),"SO3_",""),"SO68_",""),"SO73_",""),$M$3:$O$75,ROW(B52)-ROW($M$3)+1,FALSE)&IF(ISBLANK(HLOOKUP(SUBSTITUTE(SUBSTITUTE(SUBSTITUTE(SUBSTITUTE(SUBSTITUTE(VCBW,"AMR_",""),"EVS_",""),"SO3_",""),"SO68_",""),"SO73_",""),$P$3:$R$75,ROW(B52)-ROW($P$3)+1,FALSE)), ""," / "&HLOOKUP(SUBSTITUTE(SUBSTITUTE(SUBSTITUTE(SUBSTITUTE(SUBSTITUTE(VCBW,"AMR_",""),"EVS_",""),"SO3_",""),"SO68_",""),"SO73_",""),$P$3:$R$75,ROW(B52)-ROW($P$3)+1,FALSE)) -> 5.11.2 / 7.12.1 | D52: Crossroads | E52: =HLOOKUP(IF(OR("GSM"=Network,"WCDMA"=Network),"UMTS",IF(OR("VoLTE"=Network,"VoNR"=Network,"VoWiFi"=Network),"VoIMS",Network))&" "&VCBW,$T$3:$AF$75,ROW(E52)-ROW($T$3)+1,FALSE) -> 3.5 | F52: =HLOOKUP(IF(OR("GSM"=Network,"WCDMA"=Network),"UMTS",IF(OR("VoLTE"=Network,"VoNR"=Network,"VoWiFi"=Network),"VoIMS",Network))&" "&VCBW,$AG$3:$AS$75,ROW(E52)-ROW($AG$3)+1,FALSE) -> 5 | G52: N/A | H52: 2 | M52: 5.11.2 | N52: 6.10.2 | O52: 7.10.2 | P52: 7.12.1 | Q52: 8.12.1 | R52: 9.12.1 | T52: 3.5 | U52: 3.5 | V52: 3.5 | W52: 3.5 | X52: 3.5 | Y52: 3.5 | Z52: 3.5 | AA52: 3.5 | AB52: 3.5 | AC52: 3.5 | AD52: 3.5 | AE52: 3.5 | AF52: 3.5 | AG52: 5 | AH52: 5 | AI52: 5 | AJ52: 5 | AK52: 5 | AL52: 5 | AM52: 5 | AN52: 5 | AO52: 5 | AP52: 5 | AQ52: 5 | AR52: 5 | AS52: 5
B53: =HLOOKUP(SUBSTITUTE(SUBSTITUTE(SUBSTITUTE(SUBSTITUTE(SUBSTITUTE(VCBW,"AMR_",""),"EVS_",""),"SO3_",""),"SO68_",""),"SO73_",""),$M$3:$O$75,ROW(B53)-ROW($M$3)+1,FALSE)&IF(ISBLANK(HLOOKUP(SUBSTITUTE(SUBSTITUTE(SUBSTITUTE(SUBSTITUTE(SUBSTITUTE(VCBW,"AMR_",""),"EVS_",""),"SO3_",""),"SO68_",""),"SO73_",""),$P$3:$R$75,ROW(B53)-ROW($P$3)+1,FALSE)), ""," / "&HLOOKUP(SUBSTITUTE(SUBSTITUTE(SUBSTITUTE(SUBSTITUTE(SUBSTITUTE(VCBW,"AMR_",""),"EVS_",""),"SO3_",""),"SO68_",""),"SO73_",""),$P$3:$R$75,ROW(B53)-ROW($P$3)+1,FALSE)) -> 5.11.2 / 7.12.1 | D53: Train | E53: =HLOOKUP(IF(OR("GSM"=Network,"WCDMA"=Network),"UMTS",IF(OR("VoLTE"=Network,"VoNR"=Network,"VoWiFi"=Network),"VoIMS",Network))&" "&VCBW,$T$3:$AF$75,ROW(E53)-ROW($T$3)+1,FALSE) -> 3.5 | F53: =HLOOKUP(IF(OR("GSM"=Network,"WCDMA"=Network),"UMTS",IF(OR("VoLTE"=Network,"VoNR"=Network,"VoWiFi"=Network),"VoIMS",Network))&" "&VCBW,$AG$3:$AS$75,ROW(E53)-ROW($AG$3)+1,FALSE) -> 5 | G53: N/A | H53: 2 | M53: 5.11.2 | N53: 6.10.2 | O53: 7.10.2 | P53: 7.12.1 | Q53: 8.12.1 | R53: 9.12.1 | T53: 3.5 | U53: 3.5 | V53: 3.5 | W53: 3.5 | X53: 3.5 | Y53: 3.5 | Z53: 3.5 | AA53: 3.5 | AB53: 3.5 | AC53: 3.5 | AD53: 3.5 | AE53: 3.5 | AF53: 3.5 | AG53: 5 | AH53: 5 | AI53: 5 | AJ53: 5 | AK53: 5 | AL53: 5 | AM53: 5 | AN53: 5 | AO53: 5 | AP53: 5 | AQ53: 5 | AR53: 5 | AS53: 5
B54: =HLOOKUP(SUBSTITUTE(SUBSTITUTE(SUBSTITUTE(SUBSTITUTE(SUBSTITUTE(VCBW,"AMR_",""),"EVS_",""),"SO3_",""),"SO68_",""),"SO73_",""),$M$3:$O$75,ROW(B54)-ROW($M$3)+1,FALSE)&IF(ISBLANK(HLOOKUP(SUBSTITUTE(SUBSTITUTE(SUBSTITUTE(SUBSTITUTE(SUBSTITUTE(VCBW,"AMR_",""),"EVS_",""),"SO3_",""),"SO68_",""),"SO73_",""),$P$3:$R$75,ROW(B54)-ROW($P$3)+1,FALSE)), ""," / "&HLOOKUP(SUBSTITUTE(SUBSTITUTE(SUBSTITUTE(SUBSTITUTE(SUBSTITUTE(VCBW,"AMR_",""),"EVS_",""),"SO3_",""),"SO68_",""),"SO73_",""),$P$3:$R$75,ROW(B54)-ROW($P$3)+1,FALSE)) -> 5.11.2 / 7.12.1 | D54: Car | E54: =HLOOKUP(IF(OR("GSM"=Network,"WCDMA"=Network),"UMTS",IF(OR("VoLTE"=Network,"VoNR"=Network,"VoWiFi"=Network),"VoIMS",Network))&" "&VCBW,$T$3:$AF$75,ROW(E54)-ROW($T$3)+1,FALSE) -> 3.5 | F54: =HLOOKUP(IF(OR("GSM"=Network,"WCDMA"=Network),"UMTS",IF(OR("VoLTE"=Network,"VoNR"=Network,"VoWiFi"=Network),"VoIMS",Network))&" "&VCBW,$AG$3:$AS$75,ROW(E54)-ROW($AG$3)+1,FALSE) -> 5 | G54: N/A | H54: 2 | M54: 5.11.2 | N54: 6.10.2 | O54: 7.10.2 | P54: 7.12.1 | Q54: 8.12.1 | R54: 9.12.1 | T54: 3.5 | U54: 3.5 | V54: 3.5 | W54: 3.5 | X54: 3.5 | Y54: 3.5 | Z54: 3.5 | AA54: 3.5 | AB54: 3.5 | AC54: 3.5 | AD54: 3.5 | AE54: 3.5 | AF54: 3.5 | AG54: 5 | AH54: 5 | AI54: 5 | AJ54: 5 | AK54: 5 | AL54: 5 | AM54: 5 | AN54: 5 | AO54: 5 | AP54: 5 | AQ54: 5 | AR54: 5 | AS54: 5
B55: =HLOOKUP(SUBSTITUTE(SUBSTITUTE(SUBSTITUTE(SUBSTITUTE(SUBSTITUTE(VCBW,"AMR_",""),"EVS_",""),"SO3_",""),"SO68_",""),"SO73_",""),$M$3:$O$75,ROW(B55)-ROW($M$3)+1,FALSE)&IF(ISBLANK(HLOOKUP(SUBSTITUTE(SUBSTITUTE(SUBSTITUTE(SUBSTITUTE(SUBSTITUTE(VCBW,"AMR_",""),"EVS_",""),"SO3_",""),"SO68_",""),"SO73_",""),$P$3:$R$75,ROW(B55)-ROW($P$3)+1,FALSE)), ""," / "&HLOOKUP(SUBSTITUTE(SUBSTITUTE(SUBSTITUTE(SUBSTITUTE(SUBSTITUTE(VCBW,"AMR_",""),"EVS_",""),"SO3_",""),"SO68_",""),"SO73_",""),$P$3:$R$75,ROW(B55)-ROW($P$3)+1,FALSE)) -> 5.11.2 / 7.12.1 | D55: Cafeteria | E55: =HLOOKUP(IF(OR("GSM"=Network,"WCDMA"=Network),"UMTS",IF(OR("VoLTE"=Network,"VoNR"=Network,"VoWiFi"=Network),"VoIMS",Network))&" "&VCBW,$T$3:$AF$75,ROW(E55)-ROW($T$3)+1,FALSE) -> 3.5 | F55: =HLOOKUP(IF(OR("GSM"=Network,"WCDMA"=Network),"UMTS",IF(OR("VoLTE"=Network,"VoNR"=Network,"VoWiFi"=Network),"VoIMS",Network))&" "&VCBW,$AG$3:$AS$75,ROW(E55)-ROW($AG$3)+1,FALSE) -> 5 | G55: N/A | H55: 2 | M55: 5.11.2 | N55: 6.10.2 | O55: 7.10.2 | P55: 7.12.1 | Q55: 8.12.1 | R55: 9.12.1 | T55: 3.5 | U55: 3.5 | V55: 3.5 | W55: 3.5 | X55: 3.5 | Y55: 3.5 | Z55: 3.5 | AA55: 3.5 | AB55: 3.5 | AC55: 3.5 | AD55: 3.5 | AE55: 3.5 | AF55: 3.5 | AG55: 5 | AH55: 5 | AI55: 5 | AJ55: 5 | AK55: 5 | AL55: 5 | AM55: 5 | AN55: 5 | AO55: 5 | AP55: 5 | AQ55: 5 | AR55: 5 | AS55: 5
B56: =HLOOKUP(SUBSTITUTE(SUBSTITUTE(SUBSTITUTE(SUBSTITUTE(SUBSTITUTE(VCBW,"AMR_",""),"EVS_",""),"SO3_",""),"SO68_",""),"SO73_",""),$M$3:$O$75,ROW(B56)-ROW($M$3)+1,FALSE)&IF(ISBLANK(HLOOKUP(SUBSTITUTE(SUBSTITUTE(SUBSTITUTE(SUBSTITUTE(SUBSTITUTE(VCBW,"AMR_",""),"EVS_",""),"SO3_",""),"SO68_",""),"SO73_",""),$P$3:$R$75,ROW(B56)-ROW($P$3)+1,FALSE)), ""," / "&HLOOKUP(SUBSTITUTE(SUBSTITUTE(SUBSTITUTE(SUBSTITUTE(SUBSTITUTE(VCBW,"AMR_",""),"EVS_",""),"SO3_",""),"SO68_",""),"SO73_",""),$P$3:$R$75,ROW(B56)-ROW($P$3)+1,FALSE)) -> 5.11.2 / 7.12.1 | D56: Mensa | E56: =HLOOKUP(IF(OR("GSM"=Network,"WCDMA"=Network),"UMTS",IF(OR("VoLTE"=Network,"VoNR"=Network,"VoWiFi"=Network),"VoIMS",Network))&" "&VCBW,$T$3:$AF$75,ROW(E56)-ROW($T$3)+1,FALSE) -> 3.5 | F56: =HLOOKUP(IF(OR("GSM"=Network,"WCDMA"=Network),"UMTS",IF(OR("VoLTE"=Network,"VoNR"=Network,"VoWiFi"=Network),"VoIMS",Network))&" "&VCBW,$AG$3:$AS$75,ROW(E56)-ROW($AG$3)+1,FALSE) -> 5 | G56: N/A | H56: 2 | M56: 5.11.2 | N56: 6.10.2 | O56: 7.10.2 | P56: 7.12.1 | Q56: 8.12.1 | R56: 9.12.1 | T56: 3.5 | U56: 3.5 | V56: 3.5 | W56: 3.5 | X56: 3.5 | Y56: 3.5 | Z56: 3.5 | AA56: 3.5 | AB56: 3.5 | AC56: 3.5 | AD56: 3.5 | AE56: 3.5 | AF56: 3.5 | AG56: 5 | AH56: 5 | AI56: 5 | AJ56: 5 | AK56: 5 | AL56: 5 | AM56: 5 | AN56: 5 | AO56: 5 | AP56: 5 | AQ56: 5 | AR56: 5 | AS56: 5
B57: =HLOOKUP(SUBSTITUTE(SUBSTITUTE(SUBSTITUTE(SUBSTITUTE(SUBSTITUTE(VCBW,"AMR_",""),"EVS_",""),"SO3_",""),"SO68_",""),"SO73_",""),$M$3:$O$75,ROW(B57)-ROW($M$3)+1,FALSE)&IF(ISBLANK(HLOOKUP(SUBSTITUTE(SUBSTITUTE(SUBSTITUTE(SUBSTITUTE(SUBSTITUTE(VCBW,"AMR_",""),"EVS_",""),"SO3_",""),"SO68_",""),"SO73_",""),$P$3:$R$75,ROW(B57)-ROW($P$3)+1,FALSE)), ""," / "&HLOOKUP(SUBSTITUTE(SUBSTITUTE(SUBSTITUTE(SUBSTITUTE(SUBSTITUTE(VCBW,"AMR_",""),"EVS_",""),"SO3_",""),"SO68_",""),"SO73_",""),$P$3:$R$75,ROW(B57)-ROW($P$3)+1,FALSE)) -> 5.11.2 / 7.12.1 | D57: Callcenter | E57: =HLOOKUP(IF(OR("GSM"=Network,"WCDMA"=Network),"UMTS",IF(OR("VoLTE"=Network,"VoNR"=Network,"VoWiFi"=Network),"VoIMS",Network))&" "&VCBW,$T$3:$AF$75,ROW(E57)-ROW($T$3)+1,FALSE) -> 3.5 | F57: =HLOOKUP(IF(OR("GSM"=Network,"WCDMA"=Network),"UMTS",IF(OR("VoLTE"=Network,"VoNR"=Network,"VoWiFi"=Network),"VoIMS",Network))&" "&VCBW,$AG$3:$AS$75,ROW(E57)-ROW($AG$3)+1,FALSE) -> 5 | G57: N/A | H57: 2 | M57: 5.11.2 | N57: 6.10.2 | O57: 7.10.2 | P57: 7.12.1 | Q57: 8.12.1 | R57: 9.12.1 | T57: 3.5 | U57: 3.5 | V57: 3.5 | W57: 3.5 | X57: 3.5 | Y57: 3.5 | Z57: 3.5 | AA57: 3.5 | AB57: 3.5 | AC57: 3.5 | AD57: 3.5 | AE57: 3.5 | AF57: 3.5 | AG57: 5 | AH57: 5 | AI57: 5 | AJ57: 5 | AK57: 5 | AL57: 5 | AM57: 5 | AN57: 5 | AO57: 5 | AP57: 5 | AQ57: 5 | AR57: 5 | AS57: 5
B58: =HLOOKUP(SUBSTITUTE(SUBSTITUTE(SUBSTITUTE(SUBSTITUTE(SUBSTITUTE(VCBW,"AMR_",""),"EVS_",""),"SO3_",""),"SO68_",""),"SO73_",""),$M$3:$O$75,ROW(B58)-ROW($M$3)+1,FALSE)&IF(ISBLANK(HLOOKUP(SUBSTITUTE(SUBSTITUTE(SUBSTITUTE(SUBSTITUTE(SUBSTITUTE(VCBW,"AMR_",""),"EVS_",""),"SO3_",""),"SO68_",""),"SO73_",""),$P$3:$R$75,ROW(B58)-ROW($P$3)+1,FALSE)), ""," / "&HLOOKUP(SUBSTITUTE(SUBSTITUTE(SUBSTITUTE(SUBSTITUTE(SUBSTITUTE(VCBW,"AMR_",""),"EVS_",""),"SO3_",""),"SO68_",""),"SO73_",""),$P$3:$R$75,ROW(B58)-ROW($P$3)+1,FALSE)) -> 5.11.2 / 7.12.1 | C58: N-MOS | D58: Pub | E58: =HLOOKUP(IF(OR("GSM"=Network,"WCDMA"=Network),"UMTS",IF(OR("VoLTE"=Network,"VoNR"=Network,"VoWiFi"=Network),"VoIMS",Network))&" "&VCBW,$T$3:$AF$75,ROW(E58)-ROW($T$3)+1,FALSE) -> 3.5 | F58: =HLOOKUP(IF(OR("GSM"=Network,"WCDMA"=Network),"UMTS",IF(OR("VoLTE"=Network,"VoNR"=Network,"VoWiFi"=Network),"VoIMS",Network))&" "&VCBW,$AG$3:$AS$75,ROW(E58)-ROW($AG$3)+1,FALSE) -> 5 | G58: N/A | H58: 2 | M58: 5.11.2 | N58: 6.10.2 | O58: 7.10.2 | P58: 7.12.1 | Q58: 8.12.1 | R58: 9.12.1 | T58: 3.5 | U58: 3.5 | V58: 3.5 | W58: 3.5 | X58: 3.5 | Y58: 3.5 | Z58: 3.5 | AA58: 3.5 | AB58: 3.5 | AC58: 3.5 | AD58: 3.5 | AE58: 3.5 | AF58: 3.5 | AG58: 5 | AH58: 5 | AI58: 5 | AJ58: 5 | AK58: 5 | AL58: 5 | AM58: 5 | AN58: 5 | AO58: 5 | AP58: 5 | AQ58: 5 | AR58: 5 | AS58: 5
B59: =HLOOKUP(SUBSTITUTE(SUBSTITUTE(SUBSTITUTE(SUBSTITUTE(SUBSTITUTE(VCBW,"AMR_",""),"EVS_",""),"SO3_",""),"SO68_",""),"SO73_",""),$M$3:$O$75,ROW(B59)-ROW($M$3)+1,FALSE)&IF(ISBLANK(HLOOKUP(SUBSTITUTE(SUBSTITUTE(SUBSTITUTE(SUBSTITUTE(SUBSTITUTE(VCBW,"AMR_",""),"EVS_",""),"SO3_",""),"SO68_",""),"SO73_",""),$P$3:$R$75,ROW(B59)-ROW($P$3)+1,FALSE)), ""," / "&HLOOKUP(SUBSTITUTE(SUBSTITUTE(SUBSTITUTE(SUBSTITUTE(SUBSTITUTE(VCBW,"AMR_",""),"EVS_",""),"SO3_",""),"SO68_",""),"SO73_",""),$P$3:$R$75,ROW(B59)-ROW($P$3)+1,FALSE)) -> 5.11.2 / 7.12.1 | D59: Road | E59: =HLOOKUP(IF(OR("GSM"=Network,"WCDMA"=Network),"UMTS",IF(OR("VoLTE"=Network,"VoNR"=Network,"VoWiFi"=Network),"VoIMS",Network))&" "&VCBW,$T$3:$AF$75,ROW(E59)-ROW($T$3)+1,FALSE) -> 3.5 | F59: =HLOOKUP(IF(OR("GSM"=Network,"WCDMA"=Network),"UMTS",IF(OR("VoLTE"=Network,"VoNR"=Network,"VoWiFi"=Network),"VoIMS",Network))&" "&VCBW,$AG$3:$AS$75,ROW(E59)-ROW($AG$3)+1,FALSE) -> 5 | G59: N/A | H59: 2 | M59: 5.11.2 | N59: 6.10.2 | O59: 7.10.2 | P59: 7.12.1 | Q59: 8.12.1 | R59: 9.12.1 | T59: 3.5 | U59: 3.5 | V59: 3.5 | W59: 3.5 | X59: 3.5 | Y59: 3.5 | Z59: 3.5 | AA59: 3.5 | AB59: 3.5 | AC59: 3.5 | AD59: 3.5 | AE59: 3.5 | AF59: 3.5 | AG59: 5 | AH59: 5 | AI59: 5 | AJ59: 5 | AK59: 5 | AL59: 5 | AM59: 5 | AN59: 5 | AO59: 5 | AP59: 5 | AQ59: 5 | AR59: 5 | AS59: 5
B60: =HLOOKUP(SUBSTITUTE(SUBSTITUTE(SUBSTITUTE(SUBSTITUTE(SUBSTITUTE(VCBW,"AMR_",""),"EVS_",""),"SO3_",""),"SO68_",""),"SO73_",""),$M$3:$O$75,ROW(B60)-ROW($M$3)+1,FALSE)&IF(ISBLANK(HLOOKUP(SUBSTITUTE(SUBSTITUTE(SUBSTITUTE(SUBSTITUTE(SUBSTITUTE(VCBW,"AMR_",""),"EVS_",""),"SO3_",""),"SO68_",""),"SO73_",""),$P$3:$R$75,ROW(B60)-ROW($P$3)+1,FALSE)), ""," / "&HLOOKUP(SUBSTITUTE(SUBSTITUTE(SUBSTITUTE(SUBSTITUTE(SUBSTITUTE(VCBW,"AMR_",""),"EVS_",""),"SO3_",""),"SO68_",""),"SO73_",""),$P$3:$R$75,ROW(B60)-ROW($P$3)+1,FALSE)) -> 5.11.2 / 7.12.1 | D60: Crossroads | E60: =HLOOKUP(IF(OR("GSM"=Network,"WCDMA"=Network),"UMTS",IF(OR("VoLTE"=Network,"VoNR"=Network,"VoWiFi"=Network),"VoIMS",Network))&" "&VCBW,$T$3:$AF$75,ROW(E60)-ROW($T$3)+1,FALSE) -> 3.5 | F60: =HLOOKUP(IF(OR("GSM"=Network,"WCDMA"=Network),"UMTS",IF(OR("VoLTE"=Network,"VoNR"=Network,"VoWiFi"=Network),"VoIMS",Network))&" "&VCBW,$AG$3:$AS$75,ROW(E60)-ROW($AG$3)+1,FALSE) -> 5 | G60: N/A | H60: 2 | M60: 5.11.2 | N60: 6.10.2 | O60: 7.10.2 | P60: 7.12.1 | Q60: 8.12.1 | R60: 9.12.1 | T60: 3.5 | U60: 3.5 | V60: 3.5 | W60: 3.5 | X60: 3.5 | Y60: 3.5 | Z60: 3.5 | AA60: 3.5 | AB60: 3.5 | AC60: 3.5 | AD60: 3.5 | AE60: 3.5 | AF60: 3.5 | AG60: 5 | AH60: 5 | AI60: 5 | AJ60: 5 | AK60: 5 | AL60: 5 | AM60: 5 | AN60: 5 | AO60: 5 | AP60: 5 | AQ60: 5 | AR60: 5 | AS60: 5
B61: =HLOOKUP(SUBSTITUTE(SUBSTITUTE(SUBSTITUTE(SUBSTITUTE(SUBSTITUTE(VCBW,"AMR_",""),"EVS_",""),"SO3_",""),"SO68_",""),"SO73_",""),$M$3:$O$75,ROW(B61)-ROW($M$3)+1,FALSE)&IF(ISBLANK(HLOOKUP(SUBSTITUTE(SUBSTITUTE(SUBSTITUTE(SUBSTITUTE(SUBSTITUTE(VCBW,"AMR_",""),"EVS_",""),"SO3_",""),"SO68_",""),"SO73_",""),$P$3:$R$75,ROW(B61)-ROW($P$3)+1,FALSE)), ""," / "&HLOOKUP(SUBSTITUTE(SUBSTITUTE(SUBSTITUTE(SUBSTITUTE(SUBSTITUTE(VCBW,"AMR_",""),"EVS_",""),"SO3_",""),"SO68_",""),"SO73_",""),$P$3:$R$75,ROW(B61)-ROW($P$3)+1,FALSE)) -> 5.11.2 / 7.12.1 | D61: Train | E61: =HLOOKUP(IF(OR("GSM"=Network,"WCDMA"=Network),"UMTS",IF(OR("VoLTE"=Network,"VoNR"=Network,"VoWiFi"=Network),"VoIMS",Network))&" "&VCBW,$T$3:$AF$75,ROW(E61)-ROW($T$3)+1,FALSE) -> 3.5 | F61: =HLOOKUP(IF(OR("GSM"=Network,"WCDMA"=Network),"UMTS",IF(OR("VoLTE"=Network,"VoNR"=Network,"VoWiFi"=Network),"VoIMS",Network))&" "&VCBW,$AG$3:$AS$75,ROW(E61)-ROW($AG$3)+1,FALSE) -> 5 | G61: N/A | H61: 2 | M61: 5.11.2 | N61: 6.10.2 | O61: 7.10.2 | P61: 7.12.1 | Q61: 8.12.1 | R61: 9.12.1 | T61: 3.5 | U61: 3.5 | V61: 3.5 | W61: 3.5 | X61: 3.5 | Y61: 3.5 | Z61: 3.5 | AA61: 3.5 | AB61: 3.5 | AC61: 3.5 | AD61: 3.5 | AE61: 3.5 | AF61: 3.5 | AG61: 5 | AH61: 5 | AI61: 5 | AJ61: 5 | AK61: 5 | AL61: 5 | AM61: 5 | AN61: 5 | AO61: 5 | AP61: 5 | AQ61: 5 | AR61: 5 | AS61: 5
B62: =HLOOKUP(SUBSTITUTE(SUBSTITUTE(SUBSTITUTE(SUBSTITUTE(SUBSTITUTE(VCBW,"AMR_",""),"EVS_",""),"SO3_",""),"SO68_",""),"SO73_",""),$M$3:$O$75,ROW(B62)-ROW($M$3)+1,FALSE)&IF(ISBLANK(HLOOKUP(SUBSTITUTE(SUBSTITUTE(SUBSTITUTE(SUBSTITUTE(SUBSTITUTE(VCBW,"AMR_",""),"EVS_",""),"SO3_",""),"SO68_",""),"SO73_",""),$P$3:$R$75,ROW(B62)-ROW($P$3)+1,FALSE)), ""," / "&HLOOKUP(SUBSTITUTE(SUBSTITUTE(SUBSTITUTE(SUBSTITUTE(SUBSTITUTE(VCBW,"AMR_",""),"EVS_",""),"SO3_",""),"SO68_",""),"SO73_",""),$P$3:$R$75,ROW(B62)-ROW($P$3)+1,FALSE)) -> 5.11.2 / 7.12.1 | D62: Car | E62: =HLOOKUP(IF(OR("GSM"=Network,"WCDMA"=Network),"UMTS",IF(OR("VoLTE"=Network,"VoNR"=Network,"VoWiFi"=Network),"VoIMS",Network))&" "&VCBW,$T$3:$AF$75,ROW(E62)-ROW($T$3)+1,FALSE) -> 3.5 | F62: =HLOOKUP(IF(OR("GSM"=Network,"WCDMA"=Network),"UMTS",IF(OR("VoLTE"=Network,"VoNR"=Network,"VoWiFi"=Network),"VoIMS",Network))&" "&VCBW,$AG$3:$AS$75,ROW(E62)-ROW($AG$3)+1,FALSE) -> 5 | G62: N/A | H62: 2 | M62: 5.11.2 | N62: 6.10.2 | O62: 7.10.2 | P62: 7.12.1 | Q62: 8.12.1 | R62: 9.12.1 | T62: 3.5 | U62: 3.5 | V62: 3.5 | W62: 3.5 | X62: 3.5 | Y62: 3.5 | Z62: 3.5 | AA62: 3.5 | AB62: 3.5 | AC62: 3.5 | AD62: 3.5 | AE62: 3.5 | AF62: 3.5 | AG62: 5 | AH62: 5 | AI62: 5 | AJ62: 5 | AK62: 5 | AL62: 5 | AM62: 5 | AN62: 5 | AO62: 5 | AP62: 5 | AQ62: 5 | AR62: 5 | AS62: 5
B63: =HLOOKUP(SUBSTITUTE(SUBSTITUTE(SUBSTITUTE(SUBSTITUTE(SUBSTITUTE(VCBW,"AMR_",""),"EVS_",""),"SO3_",""),"SO68_",""),"SO73_",""),$M$3:$O$75,ROW(B63)-ROW($M$3)+1,FALSE)&IF(ISBLANK(HLOOKUP(SUBSTITUTE(SUBSTITUTE(SUBSTITUTE(SUBSTITUTE(SUBSTITUTE(VCBW,"AMR_",""),"EVS_",""),"SO3_",""),"SO68_",""),"SO73_",""),$P$3:$R$75,ROW(B63)-ROW($P$3)+1,FALSE)), ""," / "&HLOOKUP(SUBSTITUTE(SUBSTITUTE(SUBSTITUTE(SUBSTITUTE(SUBSTITUTE(VCBW,"AMR_",""),"EVS_",""),"SO3_",""),"SO68_",""),"SO73_",""),$P$3:$R$75,ROW(B63)-ROW($P$3)+1,FALSE)) -> 5.11.2 / 7.12.1 | D63: Cafeteria | E63: =HLOOKUP(IF(OR("GSM"=Network,"WCDMA"=Network),"UMTS",IF(OR("VoLTE"=Network,"VoNR"=Network,"VoWiFi"=Network),"VoIMS",Network))&" "&VCBW,$T$3:$AF$75,ROW(E63)-ROW($T$3)+1,FALSE) -> 3.5 | F63: =HLOOKUP(IF(OR("GSM"=Network,"WCDMA"=Network),"UMTS",IF(OR("VoLTE"=Network,"VoNR"=Network,"VoWiFi"=Network),"VoIMS",Network))&" "&VCBW,$AG$3:$AS$75,ROW(E63)-ROW($AG$3)+1,FALSE) -> 5 | G63: N/A | H63: 2 | M63: 5.11.2 | N63: 6.10.2 | O63: 7.10.2 | P63: 7.12.1 | Q63: 8.12.1 | R63: 9.12.1 | T63: 3.5 | U63: 3.5 | V63: 3.5 | W63: 3.5 | X63: 3.5 | Y63: 3.5 | Z63: 3.5 | AA63: 3.5 | AB63: 3.5 | AC63: 3.5 | AD63: 3.5 | AE63: 3.5 | AF63: 3.5 | AG63: 5 | AH63: 5 | AI63: 5 | AJ63: 5 | AK63: 5 | AL63: 5 | AM63: 5 | AN63: 5 | AO63: 5 | AP63: 5 | AQ63: 5 | AR63: 5 | AS63: 5
B64: =HLOOKUP(SUBSTITUTE(SUBSTITUTE(SUBSTITUTE(SUBSTITUTE(SUBSTITUTE(VCBW,"AMR_",""),"EVS_",""),"SO3_",""),"SO68_",""),"SO73_",""),$M$3:$O$75,ROW(B64)-ROW($M$3)+1,FALSE)&IF(ISBLANK(HLOOKUP(SUBSTITUTE(SUBSTITUTE(SUBSTITUTE(SUBSTITUTE(SUBSTITUTE(VCBW,"AMR_",""),"EVS_",""),"SO3_",""),"SO68_",""),"SO73_",""),$P$3:$R$75,ROW(B64)-ROW($P$3)+1,FALSE)), ""," / "&HLOOKUP(SUBSTITUTE(SUBSTITUTE(SUBSTITUTE(SUBSTITUTE(SUBSTITUTE(VCBW,"AMR_",""),"EVS_",""),"SO3_",""),"SO68_",""),"SO73_",""),$P$3:$R$75,ROW(B64)-ROW($P$3)+1,FALSE)) -> 5.11.2 / 7.12.1 | D64: Mensa | E64: =HLOOKUP(IF(OR("GSM"=Network,"WCDMA"=Network),"UMTS",IF(OR("VoLTE"=Network,"VoNR"=Network,"VoWiFi"=Network),"VoIMS",Network))&" "&VCBW,$T$3:$AF$75,ROW(E64)-ROW($T$3)+1,FALSE) -> 3.5 | F64: =HLOOKUP(IF(OR("GSM"=Network,"WCDMA"=Network),"UMTS",IF(OR("VoLTE"=Network,"VoNR"=Network,"VoWiFi"=Network),"VoIMS",Network))&" "&VCBW,$AG$3:$AS$75,ROW(E64)-ROW($AG$3)+1,FALSE) -> 5 | G64: N/A | H64: 2 | M64: 5.11.2 | N64: 6.10.2 | O64: 7.10.2 | P64: 7.12.1 | Q64: 8.12.1 | R64: 9.12.1 | T64: 3.5 | U64: 3.5 | V64: 3.5 | W64: 3.5 | X64: 3.5 | Y64: 3.5 | Z64: 3.5 | AA64: 3.5 | AB64: 3.5 | AC64: 3.5 | AD64: 3.5 | AE64: 3.5 | AF64: 3.5 | AG64: 5 | AH64: 5 | AI64: 5 | AJ64: 5 | AK64: 5 | AL64: 5 | AM64: 5 | AN64: 5 | AO64: 5 | AP64: 5 | AQ64: 5 | AR64: 5 | AS64: 5
B65: =HLOOKUP(SUBSTITUTE(SUBSTITUTE(SUBSTITUTE(SUBSTITUTE(SUBSTITUTE(VCBW,"AMR_",""),"EVS_",""),"SO3_",""),"SO68_",""),"SO73_",""),$M$3:$O$75,ROW(B65)-ROW($M$3)+1,FALSE)&IF(ISBLANK(HLOOKUP(SUBSTITUTE(SUBSTITUTE(SUBSTITUTE(SUBSTITUTE(SUBSTITUTE(VCBW,"AMR_",""),"EVS_",""),"SO3_",""),"SO68_",""),"SO73_",""),$P$3:$R$75,ROW(B65)-ROW($P$3)+1,FALSE)), ""," / "&HLOOKUP(SUBSTITUTE(SUBSTITUTE(SUBSTITUTE(SUBSTITUTE(SUBSTITUTE(VCBW,"AMR_",""),"EVS_",""),"SO3_",""),"SO68_",""),"SO73_",""),$P$3:$R$75,ROW(B65)-ROW($P$3)+1,FALSE)) -> 5.11.2 / 7.12.1 | D65: Callcenter | E65: =HLOOKUP(IF(OR("GSM"=Network,"WCDMA"=Network),"UMTS",IF(OR("VoLTE"=Network,"VoNR"=Network,"VoWiFi"=Network),"VoIMS",Network))&" "&VCBW,$T$3:$AF$75,ROW(E65)-ROW($T$3)+1,FALSE) -> 3.5 | F65: =HLOOKUP(IF(OR("GSM"=Network,"WCDMA"=Network),"UMTS",IF(OR("VoLTE"=Network,"VoNR"=Network,"VoWiFi"=Network),"VoIMS",Network))&" "&VCBW,$AG$3:$AS$75,ROW(E65)-ROW($AG$3)+1,FALSE) -> 5 | G65: N/A | H65: 2 | M65: 5.11.2 | N65: 6.10.2 | O65: 7.10.2 | P65: 7.12.1 | Q65: 8.12.1 | R65: 9.12.1 | T65: 3.5 | U65: 3.5 | V65: 3.5 | W65: 3.5 | X65: 3.5 | Y65: 3.5 | Z65: 3.5 | AA65: 3.5 | AB65: 3.5 | AC65: 3.5 | AD65: 3.5 | AE65: 3.5 | AF65: 3.5 | AG65: 5 | AH65: 5 | AI65: 5 | AJ65: 5 | AK65: 5 | AL65: 5 | AM65: 5 | AN65: 5 | AO65: 5 | AP65: 5 | AQ65: 5 | AR65: 5 | AS65: 5
A66: Audio Big Rules | M66: NB | N66: WB | O66: SWB | P66: NB | Q66: WB | R66: SWB | T66: AMR_NB | U66: AMR_WB | V66: AMR_NB | W66: AMR_WB | X66: EVS_NB | Y66: EVS_WB | Z66: EVS_SWB | AA66: SO3_NB | AB66: SO68_NB | AC66: SO73_NB | AD66: SO73_WB | AE66: WB | AF66: SWB | AG66: AMR_NB | AH66: AMR_WB | AI66: AMR_NB | AJ66: AMR_WB | AK66: EVS_NB | AL66: EVS_WB | AM66: EVS_SWB | AN66: SO3_NB | AO66: SO68_NB | AP66: SO73_NB | AQ66: SO73_WB | AR66: WB | AS66: SWB
A67: SND Robustness with noise (source: GaussWhite 82dBspl@MRP) | B67: =HLOOKUP(SUBSTITUTE(SUBSTITUTE(SUBSTITUTE(SUBSTITUTE(SUBSTITUTE(VCBW,"AMR_",""),"EVS_",""),"SO3_",""),"SO68_",""),"SO73_",""),$M$3:$O$75,ROW(B67)-ROW($M$3)+1,FALSE)&IF(ISBLANK(HLOOKUP(SUBSTITUTE(SUBSTITUTE(SUBSTITUTE(SUBSTITUTE(SUBSTITUTE(VCBW,"AMR_",""),"EVS_",""),"SO3_",""),"SO68_",""),"SO73_",""),$P$3:$R$75,ROW(B67)-ROW($P$3)+1,FALSE)), ""," / "&HLOOKUP(SUBSTITUTE(SUBSTITUTE(SUBSTITUTE(SUBSTITUTE(SUBSTITUTE(VCBW,"AMR_",""),"EVS_",""),"SO3_",""),"SO68_",""),"SO73_",""),$P$3:$R$75,ROW(B67)-ROW($P$3)+1,FALSE)) -> BigRules | C67: Sending (SLR) | D67: ECRP | E67: =HLOOKUP(IF(OR("GSM"=Network,"WCDMA"=Network),"UMTS",IF(OR("VoLTE"=Network,"VoNR"=Network,"VoWiFi"=Network),"VoIMS",Network))&" "&VCBW,$T$3:$AF$75,ROW(E67)-ROW($T$3)+1,FALSE) -> 5 | F67: =HLOOKUP(IF(OR("GSM"=Network,"WCDMA"=Network),"UMTS",IF(OR("VoLTE"=Network,"VoNR"=Network,"VoWiFi"=Network),"VoIMS",Network))&" "&VCBW,$AG$3:$AS$75,ROW(E67)-ROW($AG$3)+1,FALSE) -> 17 | G67: dB | H67: 1 | M67: BigRules | N67: BigRules | O67: BigRules | T67: 5 | U67: 5 | V67: 5 | W67: 5 | X67: 5 | Y67: 5 | Z67: 5 | AA67: 5 | AB67: 5 | AC67: 5 | AD67: 5 | AE67: 5 | AF67: 5 | AG67: 17 | AH67: 17 | AI67: 17 | AJ67: 17 | AK67: 17 | AL67: 17 | AM67: 17 | AN67: 17 | AO67: 17 | AP67: 17 | AQ67: 17 | AR67: 17 | AS67: 17
B68: =HLOOKUP(SUBSTITUTE(SUBSTITUTE(SUBSTITUTE(SUBSTITUTE(SUBSTITUTE(VCBW,"AMR_",""),"EVS_",""),"SO3_",""),"SO68_",""),"SO73_",""),$M$3:$O$75,ROW(B68)-ROW($M$3)+1,FALSE)&IF(ISBLANK(HLOOKUP(SUBSTITUTE(SUBSTITUTE(SUBSTITUTE(SUBSTITUTE(SUBSTITUTE(VCBW,"AMR_",""),"EVS_",""),"SO3_",""),"SO68_",""),"SO73_",""),$P$3:$R$75,ROW(B68)-ROW($P$3)+1,FALSE)), ""," / "&HLOOKUP(SUBSTITUTE(SUBSTITUTE(SUBSTITUTE(SUBSTITUTE(SUBSTITUTE(VCBW,"AMR_",""),"EVS_",""),"SO3_",""),"SO68_",""),"SO73_",""),$P$3:$R$75,ROW(B68)-ROW($P$3)+1,FALSE)) -> BigRules | D68: -20°up | E68: =HLOOKUP(IF(OR("GSM"=Network,"WCDMA"=Network),"UMTS",IF(OR("VoLTE"=Network,"VoNR"=Network,"VoWiFi"=Network),"VoIMS",Network))&" "&VCBW,$T$3:$AF$75,ROW(E68)-ROW($T$3)+1,FALSE) -> 5 | F68: =HLOOKUP(IF(OR("GSM"=Network,"WCDMA"=Network),"UMTS",IF(OR("VoLTE"=Network,"VoNR"=Network,"VoWiFi"=Network),"VoIMS",Network))&" "&VCBW,$AG$3:$AS$75,ROW(E68)-ROW($AG$3)+1,FALSE) -> 17 | G68: dB | H68: 1 | M68: BigRules | N68: BigRules | O68: BigRules | T68: 5 | U68: 5 | V68: 5 | W68: 5 | X68: 5 | Y68: 5 | Z68: 5 | AA68: 5 | AB68: 5 | AC68: 5 | AD68: 5 | AE68: 5 | AF68: 5 | AG68: 17 | AH68: 17 | AI68: 17 | AJ68: 17 | AK68: 17 | AL68: 17 | AM68: 17 | AN68: 17 | AO68: 17 | AP68: 17 | AQ68: 17 | AR68: 17 | AS68: 17
B69: =HLOOKUP(SUBSTITUTE(SUBSTITUTE(SUBSTITUTE(SUBSTITUTE(SUBSTITUTE(VCBW,"AMR_",""),"EVS_",""),"SO3_",""),"SO68_",""),"SO73_",""),$M$3:$O$75,ROW(B69)-ROW($M$3)+1,FALSE)&IF(ISBLANK(HLOOKUP(SUBSTITUTE(SUBSTITUTE(SUBSTITUTE(SUBSTITUTE(SUBSTITUTE(VCBW,"AMR_",""),"EVS_",""),"SO3_",""),"SO68_",""),"SO73_",""),$P$3:$R$75,ROW(B69)-ROW($P$3)+1,FALSE)), ""," / "&HLOOKUP(SUBSTITUTE(SUBSTITUTE(SUBSTITUTE(SUBSTITUTE(SUBSTITUTE(VCBW,"AMR_",""),"EVS_",""),"SO3_",""),"SO68_",""),"SO73_",""),$P$3:$R$75,ROW(B69)-ROW($P$3)+1,FALSE)) -> BigRules | D69: 25°down | E69: =HLOOKUP(IF(OR("GSM"=Network,"WCDMA"=Network),"UMTS",IF(OR("VoLTE"=Network,"VoNR"=Network,"VoWiFi"=Network),"VoIMS",Network))&" "&VCBW,$T$3:$AF$75,ROW(E69)-ROW($T$3)+1,FALSE) -> 5 | F69: =HLOOKUP(IF(OR("GSM"=Network,"WCDMA"=Network),"UMTS",IF(OR("VoLTE"=Network,"VoNR"=Network,"VoWiFi"=Network),"VoIMS",Network))&" "&VCBW,$AG$3:$AS$75,ROW(E69)-ROW($AG$3)+1,FALSE) -> 17 | G69: dB | H69: 1 | M69: BigRules | N69: BigRules | O69: BigRules | T69: 5 | U69: 5 | V69: 5 | W69: 5 | X69: 5 | Y69: 5 | Z69: 5 | AA69: 5 | AB69: 5 | AC69: 5 | AD69: 5 | AE69: 5 | AF69: 5 | AG69: 17 | AH69: 17 | AI69: 17 | AJ69: 17 | AK69: 17 | AL69: 17 | AM69: 17 | AN69: 17 | AO69: 17 | AP69: 17 | AQ69: 17 | AR69: 17 | AS69: 17
B70: =HLOOKUP(SUBSTITUTE(SUBSTITUTE(SUBSTITUTE(SUBSTITUTE(SUBSTITUTE(VCBW,"AMR_",""),"EVS_",""),"SO3_",""),"SO68_",""),"SO73_",""),$M$3:$O$75,ROW(B70)-ROW($M$3)+1,FALSE)&IF(ISBLANK(HLOOKUP(SUBSTITUTE(SUBSTITUTE(SUBSTITUTE(SUBSTITUTE(SUBSTITUTE(VCBW,"AMR_",""),"EVS_",""),"SO3_",""),"SO68_",""),"SO73_",""),$P$3:$R$75,ROW(B70)-ROW($P$3)+1,FALSE)), ""," / "&HLOOKUP(SUBSTITUTE(SUBSTITUTE(SUBSTITUTE(SUBSTITUTE(SUBSTITUTE(VCBW,"AMR_",""),"EVS_",""),"SO3_",""),"SO68_",""),"SO73_",""),$P$3:$R$75,ROW(B70)-ROW($P$3)+1,FALSE)) -> BigRules | D70: 10°out | E70: =HLOOKUP(IF(OR("GSM"=Network,"WCDMA"=Network),"UMTS",IF(OR("VoLTE"=Network,"VoNR"=Network,"VoWiFi"=Network),"VoIMS",Network))&" "&VCBW,$T$3:$AF$75,ROW(E70)-ROW($T$3)+1,FALSE) -> 5 | F70: =HLOOKUP(IF(OR("GSM"=Network,"WCDMA"=Network),"UMTS",IF(OR("VoLTE"=Network,"VoNR"=Network,"VoWiFi"=Network),"VoIMS",Network))&" "&VCBW,$AG$3:$AS$75,ROW(E70)-ROW($AG$3)+1,FALSE) -> 17 | G70: dB | H70: 1 | M70: BigRules | N70: BigRules | O70: BigRules | T70: 5 | U70: 5 | V70: 5 | W70: 5 | X70: 5 | Y70: 5 | Z70: 5 | AA70: 5 | AB70: 5 | AC70: 5 | AD70: 5 | AE70: 5 | AF70: 5 | AG70: 17 | AH70: 17 | AI70: 17 | AJ70: 17 | AK70: 17 | AL70: 17 | AM70: 17 | AN70: 17 | AO70: 17 | AP70: 17 | AQ70: 17 | AR70: 17 | AS70: 17
A71: POLQA MOS | M71: NB | N71: WB | O71: SWB | P71: NB | Q71: WB | R71: SWB | T71: AMR_NB | U71: AMR_WB | V71: AMR_NB | W71: AMR_WB | X71: EVS_NB | Y71: EVS_WB | Z71: EVS_SWB | AA71: SO3_NB | AB71: SO68_NB | AC71: SO73_NB | AD71: SO73_WB | AE71: WB | AF71: SWB | AG71: AMR_NB | AH71: AMR_WB | AI71: AMR_NB | AJ71: AMR_WB | AK71: EVS_NB | AL71: EVS_WB | AM71: EVS_SWB | AN71: SO3_NB | AO71: SO68_NB | AP71: SO73_NB | AQ71: SO73_WB | AR71: WB | AS71: SWB
A72: POLQA v3.0 (MOS-LQOf) (English, 4×8s Seq., Fullband mode) | B72: =HLOOKUP(SUBSTITUTE(SUBSTITUTE(SUBSTITUTE(SUBSTITUTE(SUBSTITUTE(VCBW,"AMR_",""),"EVS_",""),"SO3_",""),"SO68_",""),"SO73_",""),$M$3:$O$75,ROW(B72)-ROW($M$3)+1,FALSE)&IF(ISBLANK(HLOOKUP(SUBSTITUTE(SUBSTITUTE(SUBSTITUTE(SUBSTITUTE(SUBSTITUTE(VCBW,"AMR_",""),"EVS_",""),"SO3_",""),"SO68_",""),"SO73_",""),$P$3:$R$75,ROW(B72)-ROW($P$3)+1,FALSE)), ""," / "&HLOOKUP(SUBSTITUTE(SUBSTITUTE(SUBSTITUTE(SUBSTITUTE(SUBSTITUTE(VCBW,"AMR_",""),"EVS_",""),"SO3_",""),"SO68_",""),"SO73_",""),$P$3:$R$75,ROW(B72)-ROW($P$3)+1,FALSE)) -> P.863 | C72: Sending | E72: =HLOOKUP(IF(OR("GSM"=Network,"WCDMA"=Network),"UMTS",IF(OR("VoLTE"=Network,"VoNR"=Network,"VoWiFi"=Network),"VoIMS",Network))&" "&VCBW,$T$3:$AF$75,ROW(E72)-ROW($T$3)+1,FALSE) -> 3.2 | F72: =HLOOKUP(IF(OR("GSM"=Network,"WCDMA"=Network),"UMTS",IF(OR("VoLTE"=Network,"VoNR"=Network,"VoWiFi"=Network),"VoIMS",Network))&" "&VCBW,$AG$3:$AS$75,ROW(E72)-ROW($AG$3)+1,FALSE) -> 3.8 | G72: N/A | H72: 1 | M72: P.863 | N72: P.863 | O72: P.863 | T72: 3.2 | U72: 3.9 | V72: 3.2 | W72: 3.9 | X72: 3.2 | Y72: 3.9 | Z72: 3.9 | AA72: 3.2 | AB72: 3.2 | AC72: 3.2 | AD72: 3.9 | AE72: 3.9 | AF72: 3.9 | AG72: 3.8 | AH72: 4.5 | AI72: 3.8 | AJ72: 4.5 | AK72: 3.8 | AL72: 4.5 | AM72: 4.8 | AN72: 3.8 | AO72: 3.8 | AP72: 3.8 | AQ72: 4.5 | AR72: 4.5 | AS72: 4.8
B73: =HLOOKUP(SUBSTITUTE(SUBSTITUTE(SUBSTITUTE(SUBSTITUTE(SUBSTITUTE(VCBW,"AMR_",""),"EVS_",""),"SO3_",""),"SO68_",""),"SO73_",""),$M$3:$O$75,ROW(B73)-ROW($M$3)+1,FALSE)&IF(ISBLANK(HLOOKUP(SUBSTITUTE(SUBSTITUTE(SUBSTITUTE(SUBSTITUTE(SUBSTITUTE(VCBW,"AMR_",""),"EVS_",""),"SO3_",""),"SO68_",""),"SO73_",""),$P$3:$R$75,ROW(B73)-ROW($P$3)+1,FALSE)), ""," / "&HLOOKUP(SUBSTITUTE(SUBSTITUTE(SUBSTITUTE(SUBSTITUTE(SUBSTITUTE(VCBW,"AMR_",""),"EVS_",""),"SO3_",""),"SO68_",""),"SO73_",""),$P$3:$R$75,ROW(B73)-ROW($P$3)+1,FALSE)) -> P.863 | C73: Receiveing | D73: max. vol. | E73: =HLOOKUP(IF(OR("GSM"=Network,"WCDMA"=Network),"UMTS",IF(OR("VoLTE"=Network,"VoNR"=Network,"VoWiFi"=Network),"VoIMS",Network))&" "&VCBW,$T$3:$AF$75,ROW(E73)-ROW($T$3)+1,FALSE) -> 3.2 | F73: =HLOOKUP(IF(OR("GSM"=Network,"WCDMA"=Network),"UMTS",IF(OR("VoLTE"=Network,"VoNR"=Network,"VoWiFi"=Network),"VoIMS",Network))&" "&VCBW,$AG$3:$AS$75,ROW(E73)-ROW($AG$3)+1,FALSE) -> 3.8 | G73: N/A | H73: 1 | M73: P.863 | N73: P.863 | O73: P.863 | T73: 3.2 | U73: 3.7 | V73: 3.2 | W73: 3.7 | X73: 3.2 | Y73: 3.7 | Z73: 3.7 | AA73: 3.2 | AB73: 3.2 | AC73: 3.2 | AD73: 3.7 | AE73: 3.7 | AF73: 3.7 | AG73: 3.8 | AH73: 4.5 | AI73: 3.8 | AJ73: 4.5 | AK73: 3.8 | AL73: 4.5 | AM73: 4.8 | AN73: 3.8 | AO73: 3.8 | AP73: 3.8 | AQ73: 4.5 | AR73: 4.5 | AS73: 4.8
B74: =HLOOKUP(SUBSTITUTE(SUBSTITUTE(SUBSTITUTE(SUBSTITUTE(SUBSTITUTE(VCBW,"AMR_",""),"EVS_",""),"SO3_",""),"SO68_",""),"SO73_",""),$M$3:$O$75,ROW(B74)-ROW($M$3)+1,FALSE)&IF(ISBLANK(HLOOKUP(SUBSTITUTE(SUBSTITUTE(SUBSTITUTE(SUBSTITUTE(SUBSTITUTE(VCBW,"AMR_",""),"EVS_",""),"SO3_",""),"SO68_",""),"SO73_",""),$P$3:$R$75,ROW(B74)-ROW($P$3)+1,FALSE)), ""," / "&HLOOKUP(SUBSTITUTE(SUBSTITUTE(SUBSTITUTE(SUBSTITUTE(SUBSTITUTE(VCBW,"AMR_",""),"EVS_",""),"SO3_",""),"SO68_",""),"SO73_",""),$P$3:$R$75,ROW(B74)-ROW($P$3)+1,FALSE)) -> P.863 | D74: nom. vol. | E74: =HLOOKUP(IF(OR("GSM"=Network,"WCDMA"=Network),"UMTS",IF(OR("VoLTE"=Network,"VoNR"=Network,"VoWiFi"=Network),"VoIMS",Network))&" "&VCBW,$T$3:$AF$75,ROW(E74)-ROW($T$3)+1,FALSE) -> 3.2 | F74: =HLOOKUP(IF(OR("GSM"=Network,"WCDMA"=Network),"UMTS",IF(OR("VoLTE"=Network,"VoNR"=Network,"VoWiFi"=Network),"VoIMS",Network))&" "&VCBW,$AG$3:$AS$75,ROW(E74)-ROW($AG$3)+1,FALSE) -> 3.8 | G74: N/A | H74: 1 | M74: P.863 | N74: P.863 | O74: P.863 | T74: 3.2 | U74: 3.7 | V74: 3.2 | W74: 3.7 | X74: 3.2 | Y74: 3.7 | Z74: 3.7 | AA74: 3.2 | AB74: 3.2 | AC74: 3.2 | AD74: 3.7 | AE74: 3.7 | AF74: 3.7 | AG74: 3.8 | AH74: 4.5 | AI74: 3.8 | AJ74: 4.5 | AK74: 3.8 | AL74: 4.5 | AM74: 4.8 | AN74: 3.8 | AO74: 3.8 | AP74: 3.8 | AQ74: 4.5 | AR74: 4.5 | AS74: 4.8
B75: =HLOOKUP(SUBSTITUTE(SUBSTITUTE(SUBSTITUTE(SUBSTITUTE(SUBSTITUTE(VCBW,"AMR_",""),"EVS_",""),"SO3_",""),"SO68_",""),"SO73_",""),$M$3:$O$75,ROW(B75)-ROW($M$3)+1,FALSE)&IF(ISBLANK(HLOOKUP(SUBSTITUTE(SUBSTITUTE(SUBSTITUTE(SUBSTITUTE(SUBSTITUTE(VCBW,"AMR_",""),"EVS_",""),"SO3_",""),"SO68_",""),"SO73_",""),$P$3:$R$75,ROW(B75)-ROW($P$3)+1,FALSE)), ""," / "&HLOOKUP(SUBSTITUTE(SUBSTITUTE(SUBSTITUTE(SUBSTITUTE(SUBSTITUTE(VCBW,"AMR_",""),"EVS_",""),"SO3_",""),"SO68_",""),"SO73_",""),$P$3:$R$75,ROW(B75)-ROW($P$3)+1,FALSE)) -> P.863 | D75: min. vol. | E75: =HLOOKUP(IF(OR("GSM"=Network,"WCDMA"=Network),"UMTS",IF(OR("VoLTE"=Network,"VoNR"=Network,"VoWiFi"=Network),"VoIMS",Network))&" "&VCBW,$T$3:$AF$75,ROW(E75)-ROW($T$3)+1,FALSE) -> 3.2 | F75: =HLOOKUP(IF(OR("GSM"=Network,"WCDMA"=Network),"UMTS",IF(OR("VoLTE"=Network,"VoNR"=Network,"VoWiFi"=Network),"VoIMS",Network))&" "&VCBW,$AG$3:$AS$75,ROW(E75)-ROW($AG$3)+1,FALSE) -> 3.8 | G75: N/A | H75: 1 | M75: P.863 | N75: P.863 | O75: P.863 | T75: 3.2 | U75: 3.7 | V75: 3.2 | W75: 3.7 | X75: 3.2 | Y75: 3.7 | Z75: 3.7 | AA75: 3.2 | AB75: 3.2 | AC75: 3.2 | AD75: 3.7 | AE75: 3.7 | AF75: 3.7 | AG75: 3.8 | AH75: 4.5 | AI75: 3.8 | AJ75: 4.5 | AK75: 3.8 | AL75: 4.5 | AM75: 4.8 | AN75: 3.8 | AO75: 3.8 | AP75: 3.8 | AQ75: 4.5 | AR75: 4.5 | AS75: 4.8

Sheet Handsfree
A1: Voice Tuning Checklist - Handsfree
A3: Test Condition | E3: Criteria | I3: =Report!B15 -> VoLTE | J3: =Report!C15 -> AMR_NB | K3: =Report!D15 -> 12.2kbit/s | M3: NB | N3: WB | O3: SWB | P3: NB | Q3: WB | R3: SWB | T3: UMTS AMR_NB | U3: UMTS AMR_WB | V3: VoIMS AMR_NB | W3: VoIMS AMR_WB | X3: VoIMS EVS_NB | Y3: VoIMS EVS_WB | Z3: VoIMS EVS_SWB | AA3: CDMA SO3_NB | AB3: CDMA SO68_NB | AC3: CDMA SO73_NB | AD3: CDMA SO73_WB | AE3: VoIP WB | AF3: VoIP SWB | AG3: UMTS AMR_NB | AH3: UMTS AMR_WB | AI3: VoIMS AMR_NB | AJ3: VoIMS AMR_WB | AK3: VoIMS EVS_NB | AL3: VoIMS EVS_WB | AM3: VoIMS EVS_SWB | AN3: CDMA SO3_NB | AO3: CDMA SO68_NB | AP3: CDMA SO73_NB | AQ3: CDMA SO73_WB | AR3: VoIP WB | AS3: VoIP SWB
A4: Item | B4: Standard | C4: Subitem | D4: Settings | E4: lower | F4: upper | G4: unit | H4: type | I4: =IF(ISBLANK(Report!B8),"",ISBLANK(Report!B8)) | J4: =IF(ISBLANK(Report!C8),"",ISBLANK(Report!C8)) | K4: =IF(ISBLANK(Report!D8),"",ISBLANK(Report!D8))
A5: 3GPP TS126.132 | M5: NB | N5: WB | O5: SWB | P5: NB | Q5: WB | R5: SWB | T5: AMR_NB | U5: AMR_WB | V5: AMR_NB | W5: AMR_WB | X5: EVS_NB | Y5: EVS_WB | Z5: EVS_SWB | AA5: SO3_NB | AB5: SO68_NB | AC5: SO73_NB | AD5: SO73_WB | AE5: WB | AF5: SWB | AG5: AMR_NB | AH5: AMR_WB | AI5: AMR_NB | AJ5: AMR_WB | AK5: EVS_NB | AL5: EVS_WB | AM5: EVS_SWB | AN5: SO3_NB | AO5: SO68_NB | AP5: SO73_NB | AQ5: SO73_WB | AR5: WB | AS5: SWB
A6: Overall loss/loudness ratings | B6: =HLOOKUP(SUBSTITUTE(SUBSTITUTE(SUBSTITUTE(SUBSTITUTE(SUBSTITUTE(VCBW,"AMR_",""),"EVS_",""),"SO3_",""),"SO68_",""),"SO73_",""),$M$3:$O$57,ROW(B6)-ROW($M$3)+1,FALSE)&IF(ISBLANK(HLOOKUP(SUBSTITUTE(SUBSTITUTE(SUBSTITUTE(SUBSTITUTE(SUBSTITUTE(VCBW,"AMR_",""),"EVS_",""),"SO3_",""),"SO68_",""),"SO73_",""),$P$3:$R$57,ROW(B6)-ROW($P$3)+1,FALSE)), ""," / "&HLOOKUP(SUBSTITUTE(SUBSTITUTE(SUBSTITUTE(SUBSTITUTE(SUBSTITUTE(VCBW,"AMR_",""),"EVS_",""),"SO3_",""),"SO68_",""),"SO73_",""),$P$3:$R$57,ROW(B6)-ROW($P$3)+1,FALSE)) -> 5.2.4 / 7.2.4.1 | C6: Sending (SLR) | E6: =HLOOKUP(IF(OR("GSM"=Network,"WCDMA"=Network),"UMTS",IF(OR("VoLTE"=Network,"VoNR"=Network,"VoWiFi"=Network),"VoIMS",Network))&" "&VCBW,$T$3:$AF$57,ROW(E6)-ROW($T$3)+1,FALSE) -> 9 | F6: =HLOOKUP(IF(OR("GSM"=Network,"WCDMA"=Network),"UMTS",IF(OR("VoLTE"=Network,"VoNR"=Network,"VoWiFi"=Network),"VoIMS",Network))&" "&VCBW,$AG$3:$AS$57,ROW(E6)-ROW($AG$3)+1,FALSE) -> 17 | G6: dB | H6: 1 | M6: 5.2.4 | N6: 6.2.4 | O6: 7.2.4 | P6: 7.2.4.1 | Q6: 8.2.4.1 | R6: 9.2.4.1 | T6: 9 | U6: 9 | V6: 9 | W6: 9 | X6: 9 | Y6: 9 | Z6: 9 | AA6: 9 | AB6: 9 | AC6: 9 | AD6: 9 | AE6: 9 | AF6: 9 | AG6: 17 | AH6: 17 | AI6: 17 | AJ6: 17 | AK6: 17 | AL6: 17 | AM6: 17 | AN6: 17 | AO6: 17 | AP6: 17 | AQ6: 17 | AR6: 17 | AS6: 17
B7: =HLOOKUP(SUBSTITUTE(SUBSTITUTE(SUBSTITUTE(SUBSTITUTE(SUBSTITUTE(VCBW,"AMR_",""),"EVS_",""),"SO3_",""),"SO68_",""),"SO73_",""),$M$3:$O$57,ROW(B7)-ROW($M$3)+1,FALSE)&IF(ISBLANK(HLOOKUP(SUBSTITUTE(SUBSTITUTE(SUBSTITUTE(SUBSTITUTE(SUBSTITUTE(VCBW,"AMR_",""),"EVS_",""),"SO3_",""),"SO68_",""),"SO73_",""),$P$3:$R$57,ROW(B7)-ROW($P$3)+1,FALSE)), ""," / "&HLOOKUP(SUBSTITUTE(SUBSTITUTE(SUBSTITUTE(SUBSTITUTE(SUBSTITUTE(VCBW,"AMR_",""),"EVS_",""),"SO3_",""),"SO68_",""),"SO73_",""),$P$3:$R$57,ROW(B7)-ROW($P$3)+1,FALSE)) -> 5.2.4 / 7.2.4.2 | C7: Receiving (RLR) | D7: max vol. | E7: =HLOOKUP(IF(OR("GSM"=Network,"WCDMA"=Network),"UMTS",IF(OR("VoLTE"=Network,"VoNR"=Network,"VoWiFi"=Network),"VoIMS",Network))&" "&VCBW,$T$3:$AF$57,ROW(E7)-ROW($T$3)+1,FALSE) -> N/A | F7: =HLOOKUP(IF(OR("GSM"=Network,"WCDMA"=Network),"UMTS",IF(OR("VoLTE"=Network,"VoNR"=Network,"VoWiFi"=Network),"VoIMS",Network))&" "&VCBW,$AG$3:$AS$57,ROW(E7)-ROW($AG$3)+1,FALSE) -> 9 | G7: dB | H7: 1 | M7: 5.2.4 | N7: 6.2.4 | O7: 7.2.4 | P7: 7.2.4.2 | Q7: 8.2.4.2 | R7: 9.2.4.2 | T7: N/A | U7: N/A | V7: N/A | W7: N/A | X7: N/A | Y7: N/A | Z7: N/A | AA7: N/A | AB7: N/A | AC7: N/A | AD7: N/A | AE7: N/A | AF7: N/A | AG7: 9 | AH7: 9 | AI7: 9 | AJ7: 9 | AK7: 9 | AL7: 9 | AM7: 9 | AN7: 9 | AO7: 9 | AP7: 9 | AQ7: 9 | AR7: 9 | AS7: 9
B8: =HLOOKUP(SUBSTITUTE(SUBSTITUTE(SUBSTITUTE(SUBSTITUTE(SUBSTITUTE(VCBW,"AMR_",""),"EVS_",""),"SO3_",""),"SO68_",""),"SO73_",""),$M$3:$O$57,ROW(B8)-ROW($M$3)+1,FALSE)&IF(ISBLANK(HLOOKUP(SUBSTITUTE(SUBSTITUTE(SUBSTITUTE(SUBSTITUTE(SUBSTITUTE(VCBW,"AMR_",""),"EVS_",""),"SO3_",""),"SO68_",""),"SO73_",""),$P$3:$R$57,ROW(B8)-ROW($P$3)+1,FALSE)), ""," / "&HLOOKUP(SUBSTITUTE(SUBSTITUTE(SUBSTITUTE(SUBSTITUTE(SUBSTITUTE(VCBW,"AMR_",""),"EVS_",""),"SO3_",""),"SO68_",""),"SO73_",""),$P$3:$R$57,ROW(B8)-ROW($P$3)+1,FALSE)) -> 5.2.4 / 7.2.4.2 | D8: max-1 vol. | E8: =HLOOKUP(IF(OR("GSM"=Network,"WCDMA"=Network),"UMTS",IF(OR("VoLTE"=Network,"VoNR"=Network,"VoWiFi"=Network),"VoIMS",Network))&" "&VCBW,$T$3:$AF$57,ROW(E8)-ROW($T$3)+1,FALSE) -> N/A | F8: =HLOOKUP(IF(OR("GSM"=Network,"WCDMA"=Network),"UMTS",IF(OR("VoLTE"=Network,"VoNR"=Network,"VoWiFi"=Network),"VoIMS",Network))&" "&VCBW,$AG$3:$AS$57,ROW(E8)-ROW($AG$3)+1,FALSE) -> 12 | G8: dB | H8: 4 | J8: × | K8: × | M8: 5.2.4 | N8: 6.2.4 | O8: 7.2.4 | P8: 7.2.4.2 | Q8: 8.2.4.2 | R8: 9.2.4.2 | T8: N/A | U8: N/A | V8: N/A | W8: N/A | X8: N/A | Y8: N/A | Z8: N/A | AA8: N/A | AB8: N/A | AC8: N/A | AD8: N/A | AE8: N/A | AF8: N/A | AG8: 12 | AH8: 12 | AI8: 12 | AJ8: 12 | AK8: 12 | AL8: 12 | AM8: 12 | AN8: 12 | AO8: 12 | AP8: 12 | AQ8: 12 | AR8: 12 | AS8: 12
B9: =HLOOKUP(SUBSTITUTE(SUBSTITUTE(SUBSTITUTE(SUBSTITUTE(SUBSTITUTE(VCBW,"AMR_",""),"EVS_",""),"SO3_",""),"SO68_",""),"SO73_",""),$M$3:$O$57,ROW(B9)-ROW($M$3)+1,FALSE)&IF(ISBLANK(HLOOKUP(SUBSTITUTE(SUBSTITUTE(SUBSTITUTE(SUBSTITUTE(SUBSTITUTE(VCBW,"AMR_",""),"EVS_",""),"SO3_",""),"SO68_",""),"SO73_",""),$P$3:$R$57,ROW(B9)-ROW($P$3)+1,FALSE)), ""," / "&HLOOKUP(SUBSTITUTE(SUBSTITUTE(SUBSTITUTE(SUBSTITUTE(SUBSTITUTE(VCBW,"AMR_",""),"EVS_",""),"SO3_",""),"SO68_",""),"SO73_",""),$P$3:$R$57,ROW(B9)-ROW($P$3)+1,FALSE)) -> 5.2.4 / 7.2.4.2 | D9: max-2 vol. | E9: =HLOOKUP(IF(OR("GSM"=Network,"WCDMA"=Network),"UMTS",IF(OR("VoLTE"=Network,"VoNR"=Network,"VoWiFi"=Network),"VoIMS",Network))&" "&VCBW,$T$3:$AF$57,ROW(E9)-ROW($T$3)+1,FALSE) -> N/A | F9: =HLOOKUP(IF(OR("GSM"=Network,"WCDMA"=Network),"UMTS",IF(OR("VoLTE"=Network,"VoNR"=Network,"VoWiFi"=Network),"VoIMS",Network))&" "&VCBW,$AG$3:$AS$57,ROW(E9)-ROW($AG$3)+1,FALSE) -> 15 | G9: dB | H9: 4 | J9: × | K9: × | M9: 5.2.4 | N9: 6.2.4 | O9: 7.2.4 | P9: 7.2.4.2 | Q9: 8.2.4.2 | R9: 9.2.4.2 | T9: N/A | U9: N/A | V9: N/A | W9: N/A | X9: N/A | Y9: N/A | Z9: N/A | AA9: N/A | AB9: N/A | AC9: N/A | AD9: N/A | AE9: N/A | AF9: N/A | AG9: 15 | AH9: 15 | AI9: 15 | AJ9: 15 | AK9: 15 | AL9: 15 | AM9: 15 | AN9: 15 | AO9: 15 | AP9: 15 | AQ9: 15 | AR9: 15 | AS9: 15
B10: =HLOOKUP(SUBSTITUTE(SUBSTITUTE(SUBSTITUTE(SUBSTITUTE(SUBSTITUTE(VCBW,"AMR_",""),"EVS_",""),"SO3_",""),"SO68_",""),"SO73_",""),$M$3:$O$57,ROW(B10)-ROW($M$3)+1,FALSE)&IF(ISBLANK(HLOOKUP(SUBSTITUTE(SUBSTITUTE(SUBSTITUTE(SUBSTITUTE(SUBSTITUTE(VCBW,"AMR_",""),"EVS_",""),"SO3_",""),"SO68_",""),"SO73_",""),$P$3:$R$57,ROW(B10)-ROW($P$3)+1,FALSE)), ""," / "&HLOOKUP(SUBSTITUTE(SUBSTITUTE(SUBSTITUTE(SUBSTITUTE(SUBSTITUTE(VCBW,"AMR_",""),"EVS_",""),"SO3_",""),"SO68_",""),"SO73_",""),$P$3:$R$57,ROW(B10)-ROW($P$3)+1,FALSE)) -> 5.2.4 / 7.2.4.2 | D10: max-3 (nom) vol. | E10: =HLOOKUP(IF(OR("GSM"=Network,"WCDMA"=Network),"UMTS",IF(OR("VoLTE"=Network,"VoNR"=Network,"VoWiFi"=Network),"VoIMS",Network))&" "&VCBW,$T$3:$AF$57,ROW(E10)-ROW($T$3)+1,FALSE) -> 2 | F10: =HLOOKUP(IF(OR("GSM"=Network,"WCDMA"=Network),"UMTS",IF(OR("VoLTE"=Network,"VoNR"=Network,"VoWiFi"=Network),"VoIMS",Network))&" "&VCBW,$AG$3:$AS$57,ROW(E10)-ROW($AG$3)+1,FALSE) -> 18 | G10: dB | H10: 1 | M10: 5.2.4 | N10: 6.2.4 | O10: 7.2.4 | P10: 7.2.4.2 | Q10: 8.2.4.2 | R10: 9.2.4.2 | T10: 2 | U10: 2 | V10: 2 | W10: 2 | X10: 2 | Y10: 2 | Z10: 2 | AA10: 2 | AB10: 2 | AC10: 2 | AD10: 2 | AE10: 2 | AF10: 2 | AG10: 18 | AH10: 18 | AI10: 18 | AJ10: 18 | AK10: 18 | AL10: 18 | AM10: 18 | AN10: 18 | AO10: 18 | AP10: 18 | AQ10: 18 | AR10: 18 | AS10: 18
B11: =HLOOKUP(SUBSTITUTE(SUBSTITUTE(SUBSTITUTE(SUBSTITUTE(SUBSTITUTE(VCBW,"AMR_",""),"EVS_",""),"SO3_",""),"SO68_",""),"SO73_",""),$M$3:$O$57,ROW(B11)-ROW($M$3)+1,FALSE)&IF(ISBLANK(HLOOKUP(SUBSTITUTE(SUBSTITUTE(SUBSTITUTE(SUBSTITUTE(SUBSTITUTE(VCBW,"AMR_",""),"EVS_",""),"SO3_",""),"SO68_",""),"SO73_",""),$P$3:$R$57,ROW(B11)-ROW($P$3)+1,FALSE)), ""," / "&HLOOKUP(SUBSTITUTE(SUBSTITUTE(SUBSTITUTE(SUBSTITUTE(SUBSTITUTE(VCBW,"AMR_",""),"EVS_",""),"SO3_",""),"SO68_",""),"SO73_",""),$P$3:$R$57,ROW(B11)-ROW($P$3)+1,FALSE)) -> 5.2.4 / 7.2.4.2 | D11: max-4 vol. | E11: =HLOOKUP(IF(OR("GSM"=Network,"WCDMA"=Network),"UMTS",IF(OR("VoLTE"=Network,"VoNR"=Network,"VoWiFi"=Network),"VoIMS",Network))&" "&VCBW,$T$3:$AF$57,ROW(E11)-ROW($T$3)+1,FALSE) -> 12 | F11: =HLOOKUP(IF(OR("GSM"=Network,"WCDMA"=Network),"UMTS",IF(OR("VoLTE"=Network,"VoNR"=Network,"VoWiFi"=Network),"VoIMS",Network))&" "&VCBW,$AG$3:$AS$57,ROW(E11)-ROW($AG$3)+1,FALSE) -> 22 | G11: dB | H11: 4 | J11: × | K11: × | M11: 5.2.4 | N11: 6.2.4 | O11: 7.2.4 | P11: 7.2.4.2 | Q11: 8.2.4.2 | R11: 9.2.4.2 | T11: 12 | U11: 12 | V11: 12 | W11: 12 | X11: 12 | Y11: 12 | Z11: 12 | AA11: 12 | AB11: 12 | AC11: 12 | AD11: 12 | AE11: 12 | AF11: 12 | AG11: 22 | AH11: 22 | AI11: 22 | AJ11: 22 | AK11: 22 | AL11: 22 | AM11: 22 | AN11: 22 | AO11: 22 | AP11: 22 | AQ11: 22 | AR11: 22 | AS11: 22
B12: =HLOOKUP(SUBSTITUTE(SUBSTITUTE(SUBSTITUTE(SUBSTITUTE(SUBSTITUTE(VCBW,"AMR_",""),"EVS_",""),"SO3_",""),"SO68_",""),"SO73_",""),$M$3:$O$57,ROW(B12)-ROW($M$3)+1,FALSE)&IF(ISBLANK(HLOOKUP(SUBSTITUTE(SUBSTITUTE(SUBSTITUTE(SUBSTITUTE(SUBSTITUTE(VCBW,"AMR_",""),"EVS_",""),"SO3_",""),"SO68_",""),"SO73_",""),$P$3:$R$57,ROW(B12)-ROW($P$3)+1,FALSE)), ""," / "&HLOOKUP(SUBSTITUTE(SUBSTITUTE(SUBSTITUTE(SUBSTITUTE(SUBSTITUTE(VCBW,"AMR_",""),"EVS_",""),"SO3_",""),"SO68_",""),"SO73_",""),$P$3:$R$57,ROW(B12)-ROW($P$3)+1,FALSE)) -> 5.2.4 / 7.2.4.2 | D12: max-5 vol. | E12: =HLOOKUP(IF(OR("GSM"=Network,"WCDMA"=Network),"UMTS",IF(OR("VoLTE"=Network,"VoNR"=Network,"VoWiFi"=Network),"VoIMS",Network))&" "&VCBW,$T$3:$AF$57,ROW(E12)-ROW($T$3)+1,FALSE) -> 16 | F12: =HLOOKUP(IF(OR("GSM"=Network,"WCDMA"=Network),"UMTS",IF(OR("VoLTE"=Network,"VoNR"=Network,"VoWiFi"=Network),"VoIMS",Network))&" "&VCBW,$AG$3:$AS$57,ROW(E12)-ROW($AG$3)+1,FALSE) -> 26 | G12: dB | H12: 4 | J12: × | K12: × | M12: 5.2.4 | N12: 6.2.4 | O12: 7.2.4 | P12: 7.2.4.2 | Q12: 8.2.4.2 | R12: 9.2.4.2 | T12: 16 | U12: 16 | V12: 16 | W12: 16 | X12: 16 | Y12: 16 | Z12: 16 | AA12: 16 | AB12: 16 | AC12: 16 | AD12: 16 | AE12: 16 | AF12: 16 | AG12: 26 | AH12: 26 | AI12: 26 | AJ12: 26 | AK12: 26 | AL12: 26 | AM12: 26 | AN12: 26 | AO12: 26 | AP12: 26 | AQ12: 26 | AR12: 26 | AS12: 26
B13: =HLOOKUP(SUBSTITUTE(SUBSTITUTE(SUBSTITUTE(SUBSTITUTE(SUBSTITUTE(VCBW,"AMR_",""),"EVS_",""),"SO3_",""),"SO68_",""),"SO73_",""),$M$3:$O$57,ROW(B13)-ROW($M$3)+1,FALSE)&IF(ISBLANK(HLOOKUP(SUBSTITUTE(SUBSTITUTE(SUBSTITUTE(SUBSTITUTE(SUBSTITUTE(VCBW,"AMR_",""),"EVS_",""),"SO3_",""),"SO68_",""),"SO73_",""),$P$3:$R$57,ROW(B13)-ROW($P$3)+1,FALSE)), ""," / "&HLOOKUP(SUBSTITUTE(SUBSTITUTE(SUBSTITUTE(SUBSTITUTE(SUBSTITUTE(VCBW,"AMR_",""),"EVS_",""),"SO3_",""),"SO68_",""),"SO73_",""),$P$3:$R$57,ROW(B13)-ROW($P$3)+1,FALSE)) -> 5.2.4 / 7.2.4.2 | D13: max-6 vol. | E13: =HLOOKUP(IF(OR("GSM"=Network,"WCDMA"=Network),"UMTS",IF(OR("VoLTE"=Network,"VoNR"=Network,"VoWiFi"=Network),"VoIMS",Network))&" "&VCBW,$T$3:$AF$57,ROW(E13)-ROW($T$3)+1,FALSE) -> 20 | F13: =HLOOKUP(IF(OR("GSM"=Network,"WCDMA"=Network),"UMTS",IF(OR("VoLTE"=Network,"VoNR"=Network,"VoWiFi"=Network),"VoIMS",Network))&" "&VCBW,$AG$3:$AS$57,ROW(E13)-ROW($AG$3)+1,FALSE) -> 30 | G13: dB | H13: 4 | J13: × | K13: × | M13: 5.2.4 | N13: 6.2.4 | O13: 7.2.4 | P13: 7.2.4.2 | Q13: 8.2.4.2 | R13: 9.2.4.2 | T13: 20 | U13: 20 | V13: 20 | W13: 20 | X13: 20 | Y13: 20 | Z13: 20 | AA13: 20 | AB13: 20 | AC13: 20 | AD13: 20 | AE13: 20 | AF13: 20 | AG13: 30 | AH13: 30 | AI13: 30 | AJ13: 30 | AK13: 30 | AL13: 30 | AM13: 30 | AN13: 30 | AO13: 30 | AP13: 30 | AQ13: 30 | AR13: 30 | AS13: 30
B14: =HLOOKUP(SUBSTITUTE(SUBSTITUTE(SUBSTITUTE(SUBSTITUTE(SUBSTITUTE(VCBW,"AMR_",""),"EVS_",""),"SO3_",""),"SO68_",""),"SO73_",""),$M$3:$O$57,ROW(B14)-ROW($M$3)+1,FALSE)&IF(ISBLANK(HLOOKUP(SUBSTITUTE(SUBSTITUTE(SUBSTITUTE(SUBSTITUTE(SUBSTITUTE(VCBW,"AMR_",""),"EVS_",""),"SO3_",""),"SO68_",""),"SO73_",""),$P$3:$R$57,ROW(B14)-ROW($P$3)+1,FALSE)), ""," / "&HLOOKUP(SUBSTITUTE(SUBSTITUTE(SUBSTITUTE(SUBSTITUTE(SUBSTITUTE(VCBW,"AMR_",""),"EVS_",""),"SO3_",""),"SO68_",""),"SO73_",""),$P$3:$R$57,ROW(B14)-ROW($P$3)+1,FALSE)) -> 5.2.4 / 7.2.4.2 | D14: max-7 (min) vol. | E14: =HLOOKUP(IF(OR("GSM"=Network,"WCDMA"=Network),"UMTS",IF(OR("VoLTE"=Network,"VoNR"=Network,"VoWiFi"=Network),"VoIMS",Network))&" "&VCBW,$T$3:$AF$57,ROW(E14)-ROW($T$3)+1,FALSE) -> 24 | F14: =HLOOKUP(IF(OR("GSM"=Network,"WCDMA"=Network),"UMTS",IF(OR("VoLTE"=Network,"VoNR"=Network,"VoWiFi"=Network),"VoIMS",Network))&" "&VCBW,$AG$3:$AS$57,ROW(E14)-ROW($AG$3)+1,FALSE) -> 34 | G14: dB | H14: 1 | M14: 5.2.4 | N14: 6.2.4 | O14: 7.2.4 | P14: 7.2.4.2 | Q14: 8.2.4.2 | R14: 9.2.4.2 | T14: 24 | U14: 24 | V14: 24 | W14: 24 | X14: 24 | Y14: 24 | Z14: 24 | AA14: 24 | AB14: 24 | AC14: 24 | AD14: 24 | AE14: 24 | AF14: 24 | AG14: 34 | AH14: 34 | AI14: 34 | AJ14: 34 | AK14: 34 | AL14: 34 | AM14: 34 | AN14: 34 | AO14: 34 | AP14: 34 | AQ14: 34 | AR14: 34 | AS14: 34
A15: Sensitivity/frequency characteristics | B15: =HLOOKUP(SUBSTITUTE(SUBSTITUTE(SUBSTITUTE(SUBSTITUTE(SUBSTITUTE(VCBW,"AMR_",""),"EVS_",""),"SO3_",""),"SO68_",""),"SO73_",""),$M$3:$O$57,ROW(B15)-ROW($M$3)+1,FALSE)&IF(ISBLANK(HLOOKUP(SUBSTITUTE(SUBSTITUTE(SUBSTITUTE(SUBSTITUTE(SUBSTITUTE(VCBW,"AMR_",""),"EVS_",""),"SO3_",""),"SO68_",""),"SO73_",""),$P$3:$R$57,ROW(B15)-ROW($P$3)+1,FALSE)), ""," / "&HLOOKUP(SUBSTITUTE(SUBSTITUTE(SUBSTITUTE(SUBSTITUTE(SUBSTITUTE(VCBW,"AMR_",""),"EVS_",""),"SO3_",""),"SO68_",""),"SO73_",""),$P$3:$R$57,ROW(B15)-ROW($P$3)+1,FALSE)) -> 5.4.5 / 7.4.5 | C15: Sending | E15: =HLOOKUP(IF(OR("GSM"=Network,"WCDMA"=Network),"UMTS",IF(OR("VoLTE"=Network,"VoNR"=Network,"VoWiFi"=Network),"VoIMS",Network))&" "&VCBW,$T$3:$AF$57,ROW(E15)-ROW($T$3)+1,FALSE) -> 2 | F15: =HLOOKUP(IF(OR("GSM"=Network,"WCDMA"=Network),"UMTS",IF(OR("VoLTE"=Network,"VoNR"=Network,"VoWiFi"=Network),"VoIMS",Network))&" "&VCBW,$AG$3:$AS$57,ROW(E15)-ROW($AG$3)+1,FALSE) -> N/A | G15: dB | H15: 1 | M15: 5.4.5 | N15: 6.4.5 | O15: 7.4.5 | P15: 7.4.5 | Q15: 8.4.5 | R15: 9.4.5 | T15: 2 | U15: 2 | V15: 2 | W15: 2 | X15: 2 | Y15: 2 | Z15: 2 | AA15: 2 | AB15: 2 | AC15: 2 | AD15: 2 | AE15: 2 | AF15: 2 | AG15: N/A | AH15: N/A | AI15: N/A | AJ15: N/A | AK15: N/A | AL15: N/A | AM15: N/A | AN15: N/A | AO15: N/A | AP15: N/A | AQ15: N/A | AR15: N/A | AS15: N/A
B16: =HLOOKUP(SUBSTITUTE(SUBSTITUTE(SUBSTITUTE(SUBSTITUTE(SUBSTITUTE(VCBW,"AMR_",""),"EVS_",""),"SO3_",""),"SO68_",""),"SO73_",""),$M$3:$O$57,ROW(B16)-ROW($M$3)+1,FALSE)&IF(ISBLANK(HLOOKUP(SUBSTITUTE(SUBSTITUTE(SUBSTITUTE(SUBSTITUTE(SUBSTITUTE(VCBW,"AMR_",""),"EVS_",""),"SO3_",""),"SO68_",""),"SO73_",""),$P$3:$R$57,ROW(B16)-ROW($P$3)+1,FALSE)), ""," / "&HLOOKUP(SUBSTITUTE(SUBSTITUTE(SUBSTITUTE(SUBSTITUTE(SUBSTITUTE(VCBW,"AMR_",""),"EVS_",""),"SO3_",""),"SO68_",""),"SO73_",""),$P$3:$R$57,ROW(B16)-ROW($P$3)+1,FALSE)) -> 5.4.6 / 7.4.6 | C16: Receiving | D16: max | E16: =HLOOKUP(IF(OR("GSM"=Network,"WCDMA"=Network),"UMTS",IF(OR("VoLTE"=Network,"VoNR"=Network,"VoWiFi"=Network),"VoIMS",Network))&" "&VCBW,$T$3:$AF$57,ROW(E16)-ROW($T$3)+1,FALSE) -> 1 | F16: =HLOOKUP(IF(OR("GSM"=Network,"WCDMA"=Network),"UMTS",IF(OR("VoLTE"=Network,"VoNR"=Network,"VoWiFi"=Network),"VoIMS",Network))&" "&VCBW,$AG$3:$AS$57,ROW(E16)-ROW($AG$3)+1,FALSE) -> N/A | G16: dB | H16: 1 | M16: 5.4.6 | N16: 6.4.6 | O16: 7.4.6 | P16: 7.4.6 | Q16: 8.4.6 | R16: 9.4.6 | T16: 1 | U16: 1 | V16: 1 | W16: 1 | X16: 1 | Y16: 1 | Z16: 1 | AA16: 1 | AB16: 1 | AC16: 1 | AD16: 1 | AE16: 1 | AF16: 1 | AG16: N/A | AH16: N/A | AI16: N/A | AJ16: N/A | AK16: N/A | AL16: N/A | AM16: N/A | AN16: N/A | AO16: N/A | AP16: N/A | AQ16: N/A | AR16: N/A | AS16: N/A
B17: =HLOOKUP(SUBSTITUTE(SUBSTITUTE(SUBSTITUTE(SUBSTITUTE(SUBSTITUTE(VCBW,"AMR_",""),"EVS_",""),"SO3_",""),"SO68_",""),"SO73_",""),$M$3:$O$57,ROW(B17)-ROW($M$3)+1,FALSE)&IF(ISBLANK(HLOOKUP(SUBSTITUTE(SUBSTITUTE(SUBSTITUTE(SUBSTITUTE(SUBSTITUTE(VCBW,"AMR_",""),"EVS_",""),"SO3_",""),"SO68_",""),"SO73_",""),$P$3:$R$57,ROW(B17)-ROW($P$3)+1,FALSE)), ""," / "&HLOOKUP(SUBSTITUTE(SUBSTITUTE(SUBSTITUTE(SUBSTITUTE(SUBSTITUTE(VCBW,"AMR_",""),"EVS_",""),"SO3_",""),"SO68_",""),"SO73_",""),$P$3:$R$57,ROW(B17)-ROW($P$3)+1,FALSE)) -> 5.4.6 / 7.4.6 | D17: nom | E17: =HLOOKUP(IF(OR("GSM"=Network,"WCDMA"=Network),"UMTS",IF(OR("VoLTE"=Network,"VoNR"=Network,"VoWiFi"=Network),"VoIMS",Network))&" "&VCBW,$T$3:$AF$57,ROW(E17)-ROW($T$3)+1,FALSE) -> 1 | F17: =HLOOKUP(IF(OR("GSM"=Network,"WCDMA"=Network),"UMTS",IF(OR("VoLTE"=Network,"VoNR"=Network,"VoWiFi"=Network),"VoIMS",Network))&" "&VCBW,$AG$3:$AS$57,ROW(E17)-ROW($AG$3)+1,FALSE) -> N/A | G17: dB | H17: 1 | M17: 5.4.6 | N17: 6.4.6 | O17: 7.4.6 | P17: 7.4.6 | Q17: 8.4.6 | R17: 9.4.6 | T17: 1 | U17: 1 | V17: 1 | W17: 1 | X17: 1 | Y17: 1 | Z17: 1 | AA17: 1 | AB17: 1 | AC17: 1 | AD17: 1 | AE17: 1 | AF17: 1 | AG17: N/A | AH17: N/A | AI17: N/A | AJ17: N/A | AK17: N/A | AL17: N/A | AM17: N/A | AN17: N/A | AO17: N/A | AP17: N/A | AQ17: N/A | AR17: N/A | AS17: N/A
B18: =HLOOKUP(SUBSTITUTE(SUBSTITUTE(SUBSTITUTE(SUBSTITUTE(SUBSTITUTE(VCBW,"AMR_",""),"EVS_",""),"SO3_",""),"SO68_",""),"SO73_",""),$M$3:$O$57,ROW(B18)-ROW($M$3)+1,FALSE)&IF(ISBLANK(HLOOKUP(SUBSTITUTE(SUBSTITUTE(SUBSTITUTE(SUBSTITUTE(SUBSTITUTE(VCBW,"AMR_",""),"EVS_",""),"SO3_",""),"SO68_",""),"SO73_",""),$P$3:$R$57,ROW(B18)-ROW($P$3)+1,FALSE)), ""," / "&HLOOKUP(SUBSTITUTE(SUBSTITUTE(SUBSTITUTE(SUBSTITUTE(SUBSTITUTE(VCBW,"AMR_",""),"EVS_",""),"SO3_",""),"SO68_",""),"SO73_",""),$P$3:$R$57,ROW(B18)-ROW($P$3)+1,FALSE)) -> 5.4.6 / 7.4.6 | D18: min | E18: =HLOOKUP(IF(OR("GSM"=Network,"WCDMA"=Network),"UMTS",IF(OR("VoLTE"=Network,"VoNR"=Network,"VoWiFi"=Network),"VoIMS",Network))&" "&VCBW,$T$3:$AF$57,ROW(E18)-ROW($T$3)+1,FALSE) -> 2 | F18: =HLOOKUP(IF(OR("GSM"=Network,"WCDMA"=Network),"UMTS",IF(OR("VoLTE"=Network,"VoNR"=Network,"VoWiFi"=Network),"VoIMS",Network))&" "&VCBW,$AG$3:$AS$57,ROW(E18)-ROW($AG$3)+1,FALSE) -> N/A | G18: dB | H18: 4 | M18: 5.4.6 | N18: 6.4.6 | O18: 7.4.6 | P18: 7.4.6 | Q18: 8.4.6 | R18: 9.4.6 | T18: 2 | U18: 2 | V18: 2 | W18: 2 | X18: 2 | Y18: 2 | Z18: 2 | AA18: 2 | AB18: 2 | AC18: 2 | AD18: 2 | AE18: 2 | AF18: 2 | AG18: N/A | AH18: N/A | AI18: N/A | AJ18: N/A | AK18: N/A | AL18: N/A | AM18: N/A | AN18: N/A | AO18: N/A | AP18: N/A | AQ18: N/A | AR18: N/A | AS18: N/A
A19: Acoustic echo control | B19: =HLOOKUP(SUBSTITUTE(SUBSTITUTE(SUBSTITUTE(SUBSTITUTE(SUBSTITUTE(VCBW,"AMR_",""),"EVS_",""),"SO3_",""),"SO68_",""),"SO73_",""),$M$3:$O$57,ROW(B19)-ROW($M$3)+1,FALSE)&IF(ISBLANK(HLOOKUP(SUBSTITUTE(SUBSTITUTE(SUBSTITUTE(SUBSTITUTE(SUBSTITUTE(VCBW,"AMR_",""),"EVS_",""),"SO3_",""),"SO68_",""),"SO73_",""),$P$3:$R$57,ROW(B19)-ROW($P$3)+1,FALSE)), ""," / "&HLOOKUP(SUBSTITUTE(SUBSTITUTE(SUBSTITUTE(SUBSTITUTE(SUBSTITUTE(VCBW,"AMR_",""),"EVS_",""),"SO3_",""),"SO68_",""),"SO73_",""),$P$3:$R$57,ROW(B19)-ROW($P$3)+1,FALSE)) -> 5.7.3 / 7.7.2 | C19: Echo Loss (TCLw) | D19: max | E19: =HLOOKUP(IF(OR("GSM"=Network,"WCDMA"=Network),"UMTS",IF(OR("VoLTE"=Network,"VoNR"=Network,"VoWiFi"=Network),"VoIMS",Network))&" "&VCBW,$T$3:$AF$57,ROW(E19)-ROW($T$3)+1,FALSE) -> 46 | F19: =HLOOKUP(IF(OR("GSM"=Network,"WCDMA"=Network),"UMTS",IF(OR("VoLTE"=Network,"VoNR"=Network,"VoWiFi"=Network),"VoIMS",Network))&" "&VCBW,$AG$3:$AS$57,ROW(E19)-ROW($AG$3)+1,FALSE) -> N/A | G19: dB | H19: 1 | M19: 5.7.3 | N19: 6.7.3 | O19: 7.7.3 | P19: 7.7.2 | Q19: 8.7.2 | R19: 9.7.2 | T19: 46 | U19: 46 | V19: 46 | W19: 46 | X19: 46 | Y19: 46 | Z19: 46 | AA19: 46 | AB19: 46 | AC19: 46 | AD19: 46 | AE19: 46 | AF19: 46 | AG19: N/A | AH19: N/A | AI19: N/A | AJ19: N/A | AK19: N/A | AL19: N/A | AM19: N/A | AN19: N/A | AO19: N/A | AP19: N/A | AQ19: N/A | AR19: N/A | AS19: N/A
B20: =HLOOKUP(SUBSTITUTE(SUBSTITUTE(SUBSTITUTE(SUBSTITUTE(SUBSTITUTE(VCBW,"AMR_",""),"EVS_",""),"SO3_",""),"SO68_",""),"SO73_",""),$M$3:$O$57,ROW(B20)-ROW($M$3)+1,FALSE)&IF(ISBLANK(HLOOKUP(SUBSTITUTE(SUBSTITUTE(SUBSTITUTE(SUBSTITUTE(SUBSTITUTE(VCBW,"AMR_",""),"EVS_",""),"SO3_",""),"SO68_",""),"SO73_",""),$P$3:$R$57,ROW(B20)-ROW($P$3)+1,FALSE)), ""," / "&HLOOKUP(SUBSTITUTE(SUBSTITUTE(SUBSTITUTE(SUBSTITUTE(SUBSTITUTE(VCBW,"AMR_",""),"EVS_",""),"SO3_",""),"SO68_",""),"SO73_",""),$P$3:$R$57,ROW(B20)-ROW($P$3)+1,FALSE)) -> 5.7.3 / 7.7.2 | D20: nom | E20: =HLOOKUP(IF(OR("GSM"=Network,"WCDMA"=Network),"UMTS",IF(OR("VoLTE"=Network,"VoNR"=Network,"VoWiFi"=Network),"VoIMS",Network))&" "&VCBW,$T$3:$AF$57,ROW(E20)-ROW($T$3)+1,FALSE) -> 46 | F20: =HLOOKUP(IF(OR("GSM"=Network,"WCDMA"=Network),"UMTS",IF(OR("VoLTE"=Network,"VoNR"=Network,"VoWiFi"=Network),"VoIMS",Network))&" "&VCBW,$AG$3:$AS$57,ROW(E20)-ROW($AG$3)+1,FALSE) -> N/A | G20: dB | H20: 1 | M20: 5.7.3 | N20: 6.7.3 | O20: 7.7.3 | P20: 7.7.2 | Q20: 8.7.2 | R20: 9.7.2 | T20: 46 | U20: 46 | V20: 46 | W20: 46 | X20: 46 | Y20: 46 | Z20: 46 | AA20: 46 | AB20: 46 | AC20: 46 | AD20: 46 | AE20: 46 | AF20: 46 | AG20: N/A | AH20: N/A | AI20: N/A | AJ20: N/A | AK20: N/A | AL20: N/A | AM20: N/A | AN20: N/A | AO20: N/A | AP20: N/A | AQ20: N/A | AR20: N/A | AS20: N/A
B21: =HLOOKUP(SUBSTITUTE(SUBSTITUTE(SUBSTITUTE(SUBSTITUTE(SUBSTITUTE(VCBW,"AMR_",""),"EVS_",""),"SO3_",""),"SO68_",""),"SO73_",""),$M$3:$O$57,ROW(B21)-ROW($M$3)+1,FALSE)&IF(ISBLANK(HLOOKUP(SUBSTITUTE(SUBSTITUTE(SUBSTITUTE(SUBSTITUTE(SUBSTITUTE(VCBW,"AMR_",""),"EVS_",""),"SO3_",""),"SO68_",""),"SO73_",""),$P$3:$R$57,ROW(B21)-ROW($P$3)+1,FALSE)), ""," / "&HLOOKUP(SUBSTITUTE(SUBSTITUTE(SUBSTITUTE(SUBSTITUTE(SUBSTITUTE(VCBW,"AMR_",""),"EVS_",""),"SO3_",""),"SO68_",""),"SO73_",""),$P$3:$R$57,ROW(B21)-ROW($P$3)+1,FALSE)) -> 5.7.3 / 7.7.2 | D21: min | E21: =HLOOKUP(IF(OR("GSM"=Network,"WCDMA"=Network),"UMTS",IF(OR("VoLTE"=Network,"VoNR"=Network,"VoWiFi"=Network),"VoIMS",Network))&" "&VCBW,$T$3:$AF$57,ROW(E21)-ROW($T$3)+1,FALSE) -> 46 | F21: =HLOOKUP(IF(OR("GSM"=Network,"WCDMA"=Network),"UMTS",IF(OR("VoLTE"=Network,"VoNR"=Network,"VoWiFi"=Network),"VoIMS",Network))&" "&VCBW,$AG$3:$AS$57,ROW(E21)-ROW($AG$3)+1,FALSE) -> N/A | G21: dB | H21: 1 | M21: 5.7.3 | N21: 6.7.3 | O21: 7.7.3 | P21: 7.7.2 | Q21: 8.7.2 | R21: 9.7.2 | T21: 46 | U21: 46 | V21: 46 | W21: 46 | X21: 46 | Y21: 46 | Z21: 46 | AA21: 46 | AB21: 46 | AC21: 46 | AD21: 46 | AE21: 46 | AF21: 46 | AG21: N/A | AH21: N/A | AI21: N/A | AJ21: N/A | AK21: N/A | AL21: N/A | AM21: N/A | AN21: N/A | AO21: N/A | AP21: N/A | AQ21: N/A | AR21: N/A | AS21: N/A
A22: Distortion | B22: =HLOOKUP(SUBSTITUTE(SUBSTITUTE(SUBSTITUTE(SUBSTITUTE(SUBSTITUTE(VCBW,"AMR_",""),"EVS_",""),"SO3_",""),"SO68_",""),"SO73_",""),$M$3:$O$57,ROW(B22)-ROW($M$3)+1,FALSE)&IF(ISBLANK(HLOOKUP(SUBSTITUTE(SUBSTITUTE(SUBSTITUTE(SUBSTITUTE(SUBSTITUTE(VCBW,"AMR_",""),"EVS_",""),"SO3_",""),"SO68_",""),"SO73_",""),$P$3:$R$57,ROW(B22)-ROW($P$3)+1,FALSE)), ""," / "&HLOOKUP(SUBSTITUTE(SUBSTITUTE(SUBSTITUTE(SUBSTITUTE(SUBSTITUTE(VCBW,"AMR_",""),"EVS_",""),"SO3_",""),"SO68_",""),"SO73_",""),$P$3:$R$57,ROW(B22)-ROW($P$3)+1,FALSE)) -> 5.8.1 / 7.8.1 | C22: SND 1020Hz | E22: =HLOOKUP(IF(OR("GSM"=Network,"WCDMA"=Network),"UMTS",IF(OR("VoLTE"=Network,"VoNR"=Network,"VoWiFi"=Network),"VoIMS",Network))&" "&VCBW,$T$3:$AF$57,ROW(E22)-ROW($T$3)+1,FALSE) -> mask | F22: =HLOOKUP(IF(OR("GSM"=Network,"WCDMA"=Network),"UMTS",IF(OR("VoLTE"=Network,"VoNR"=Network,"VoWiFi"=Network),"VoIMS",Network))&" "&VCBW,$AG$3:$AS$57,ROW(E22)-ROW($AG$3)+1,FALSE) -> N/A | G22: N/A | H22: 1 | M22: 5.8.1 | N22: 6.8.1 | O22: 7.8.1 | P22: 7.8.1 | Q22: 8.8.1 | R22: 9.8.1 | T22: mask | U22: mask | V22: mask | W22: mask | X22: mask | Y22: mask | Z22: mask | AA22: mask | AB22: mask | AC22: mask | AD22: mask | AE22: mask | AF22: mask | AG22: N/A | AH22: N/A | AI22: N/A | AJ22: N/A | AK22: N/A | AL22: N/A | AM22: N/A | AN22: N/A | AO22: N/A | AP22: N/A | AQ22: N/A | AR22: N/A | AS22: N/A
B23: =HLOOKUP(SUBSTITUTE(SUBSTITUTE(SUBSTITUTE(SUBSTITUTE(SUBSTITUTE(VCBW,"AMR_",""),"EVS_",""),"SO3_",""),"SO68_",""),"SO73_",""),$M$3:$O$57,ROW(B23)-ROW($M$3)+1,FALSE)&IF(ISBLANK(HLOOKUP(SUBSTITUTE(SUBSTITUTE(SUBSTITUTE(SUBSTITUTE(SUBSTITUTE(VCBW,"AMR_",""),"EVS_",""),"SO3_",""),"SO68_",""),"SO73_",""),$P$3:$R$57,ROW(B23)-ROW($P$3)+1,FALSE)), ""," / "&HLOOKUP(SUBSTITUTE(SUBSTITUTE(SUBSTITUTE(SUBSTITUTE(SUBSTITUTE(VCBW,"AMR_",""),"EVS_",""),"SO3_",""),"SO68_",""),"SO73_",""),$P$3:$R$57,ROW(B23)-ROW($P$3)+1,FALSE)) -> × / 7.8.1 | C23: SND -4.7dBPa | E23: =HLOOKUP(IF(OR("GSM"=Network,"WCDMA"=Network),"UMTS",IF(OR("VoLTE"=Network,"VoNR"=Network,"VoWiFi"=Network),"VoIMS",Network))&" "&VCBW,$T$3:$AF$57,ROW(E23)-ROW($T$3)+1,FALSE) -> mask | F23: =HLOOKUP(IF(OR("GSM"=Network,"WCDMA"=Network),"UMTS",IF(OR("VoLTE"=Network,"VoNR"=Network,"VoWiFi"=Network),"VoIMS",Network))&" "&VCBW,$AG$3:$AS$57,ROW(E23)-ROW($AG$3)+1,FALSE) -> N/A | G23: N/A | H23: 4 | M23: × | N23: 6.8.1 | O23: 7.8.1 | P23: 7.8.1 | Q23: 8.8.1 | R23: 9.8.1 | T23: mask | U23: mask | V23: mask | W23: mask | X23: mask | Y23: mask | Z23: mask | AA23: mask | AB23: mask | AC23: mask | AD23: mask | AE23: mask | AF23: mask | AG23: N/A | AH23: N/A | AI23: N/A | AJ23: N/A | AK23: N/A | AL23: N/A | AM23: N/A | AN23: N/A | AO23: N/A | AP23: N/A | AQ23: N/A | AR23: N/A | AS23: N/A
B24: =HLOOKUP(SUBSTITUTE(SUBSTITUTE(SUBSTITUTE(SUBSTITUTE(SUBSTITUTE(VCBW,"AMR_",""),"EVS_",""),"SO3_",""),"SO68_",""),"SO73_",""),$M$3:$O$57,ROW(B24)-ROW($M$3)+1,FALSE)&IF(ISBLANK(HLOOKUP(SUBSTITUTE(SUBSTITUTE(SUBSTITUTE(SUBSTITUTE(SUBSTITUTE(VCBW,"AMR_",""),"EVS_",""),"SO3_",""),"SO68_",""),"SO73_",""),$P$3:$R$57,ROW(B24)-ROW($P$3)+1,FALSE)), ""," / "&HLOOKUP(SUBSTITUTE(SUBSTITUTE(SUBSTITUTE(SUBSTITUTE(SUBSTITUTE(VCBW,"AMR_",""),"EVS_",""),"SO3_",""),"SO68_",""),"SO73_",""),$P$3:$R$57,ROW(B24)-ROW($P$3)+1,FALSE)) -> 5.8.2 / 7.8.2 | C24: RCV 1020Hz | D24: max | E24: =HLOOKUP(IF(OR("GSM"=Network,"WCDMA"=Network),"UMTS",IF(OR("VoLTE"=Network,"VoNR"=Network,"VoWiFi"=Network),"VoIMS",Network))&" "&VCBW,$T$3:$AF$57,ROW(E24)-ROW($T$3)+1,FALSE) -> mask | F24: =HLOOKUP(IF(OR("GSM"=Network,"WCDMA"=Network),"UMTS",IF(OR("VoLTE"=Network,"VoNR"=Network,"VoWiFi"=Network),"VoIMS",Network))&" "&VCBW,$AG$3:$AS$57,ROW(E24)-ROW($AG$3)+1,FALSE) -> N/A | G24: N/A | H24: 1 | M24: 5.8.2 | N24: 6.8.2 | O24: 7.8.2 | P24: 7.8.2 | Q24: 8.8.2 | R24: 9.8.2 | T24: mask | U24: mask | V24: mask | W24: mask | X24: mask | Y24: mask | Z24: mask | AA24: mask | AB24: mask | AC24: mask | AD24: mask | AE24: mask | AF24: mask | AG24: N/A | AH24: N/A | AI24: N/A | AJ24: N/A | AK24: N/A | AL24: N/A | AM24: N/A | AN24: N/A | AO24: N/A | AP24: N/A | AQ24: N/A | AR24: N/A | AS24: N/A
B25: =HLOOKUP(SUBSTITUTE(SUBSTITUTE(SUBSTITUTE(SUBSTITUTE(SUBSTITUTE(VCBW,"AMR_",""),"EVS_",""),"SO3_",""),"SO68_",""),"SO73_",""),$M$3:$O$57,ROW(B25)-ROW($M$3)+1,FALSE)&IF(ISBLANK(HLOOKUP(SUBSTITUTE(SUBSTITUTE(SUBSTITUTE(SUBSTITUTE(SUBSTITUTE(VCBW,"AMR_",""),"EVS_",""),"SO3_",""),"SO68_",""),"SO73_",""),$P$3:$R$57,ROW(B25)-ROW($P$3)+1,FALSE)), ""," / "&HLOOKUP(SUBSTITUTE(SUBSTITUTE(SUBSTITUTE(SUBSTITUTE(SUBSTITUTE(VCBW,"AMR_",""),"EVS_",""),"SO3_",""),"SO68_",""),"SO73_",""),$P$3:$R$57,ROW(B25)-ROW($P$3)+1,FALSE)) -> 5.8.2 / 7.8.2 | D25: nom | E25: =HLOOKUP(IF(OR("GSM"=Network,"WCDMA"=Network),"UMTS",IF(OR("VoLTE"=Network,"VoNR"=Network,"VoWiFi"=Network),"VoIMS",Network))&" "&VCBW,$T$3:$AF$57,ROW(E25)-ROW($T$3)+1,FALSE) -> mask | F25: =HLOOKUP(IF(OR("GSM"=Network,"WCDMA"=Network),"UMTS",IF(OR("VoLTE"=Network,"VoNR"=Network,"VoWiFi"=Network),"VoIMS",Network))&" "&VCBW,$AG$3:$AS$57,ROW(E25)-ROW($AG$3)+1,FALSE) -> N/A | G25: N/A | H25: 1 | M25: 5.8.2 | N25: 6.8.2 | O25: 7.8.2 | P25: 7.8.2 | Q25: 8.8.2 | R25: 9.8.2 | T25: mask | U25: mask | V25: mask | W25: mask | X25: mask | Y25: mask | Z25: mask | AA25: mask | AB25: mask | AC25: mask | AD25: mask | AE25: mask | AF25: mask | AG25: N/A | AH25: N/A | AI25: N/A | AJ25: N/A | AK25: N/A | AL25: N/A | AM25: N/A | AN25: N/A | AO25: N/A | AP25: N/A | AQ25: N/A | AR25: N/A | AS25: N/A
B26: =HLOOKUP(SUBSTITUTE(SUBSTITUTE(SUBSTITUTE(SUBSTITUTE(SUBSTITUTE(VCBW,"AMR_",""),"EVS_",""),"SO3_",""),"SO68_",""),"SO73_",""),$M$3:$O$57,ROW(B26)-ROW($M$3)+1,FALSE)&IF(ISBLANK(HLOOKUP(SUBSTITUTE(SUBSTITUTE(SUBSTITUTE(SUBSTITUTE(SUBSTITUTE(VCBW,"AMR_",""),"EVS_",""),"SO3_",""),"SO68_",""),"SO73_",""),$P$3:$R$57,ROW(B26)-ROW($P$3)+1,FALSE)), ""," / "&HLOOKUP(SUBSTITUTE(SUBSTITUTE(SUBSTITUTE(SUBSTITUTE(SUBSTITUTE(VCBW,"AMR_",""),"EVS_",""),"SO3_",""),"SO68_",""),"SO73_",""),$P$3:$R$57,ROW(B26)-ROW($P$3)+1,FALSE)) -> 5.8.2 / 7.8.2 | C26: RCV -16dBm0 | D26: max | E26: =HLOOKUP(IF(OR("GSM"=Network,"WCDMA"=Network),"UMTS",IF(OR("VoLTE"=Network,"VoNR"=Network,"VoWiFi"=Network),"VoIMS",Network))&" "&VCBW,$T$3:$AF$57,ROW(E26)-ROW($T$3)+1,FALSE) -> mask | F26: =HLOOKUP(IF(OR("GSM"=Network,"WCDMA"=Network),"UMTS",IF(OR("VoLTE"=Network,"VoNR"=Network,"VoWiFi"=Network),"VoIMS",Network))&" "&VCBW,$AG$3:$AS$57,ROW(E26)-ROW($AG$3)+1,FALSE) -> N/A | G26: N/A | H26: 4 | M26: 5.8.2 | N26: 6.8.2 | O26: 7.8.2 | P26: 7.8.2 | Q26: 8.8.2 | R26: 9.8.2 | T26: mask | U26: mask | V26: mask | W26: mask | X26: mask | Y26: mask | Z26: mask | AA26: mask | AB26: mask | AC26: mask | AD26: mask | AE26: mask | AF26: mask | AG26: N/A | AH26: N/A | AI26: N/A | AJ26: N/A | AK26: N/A | AL26: N/A | AM26: N/A | AN26: N/A | AO26: N/A | AP26: N/A | AQ26: N/A | AR26: N/A | AS26: N/A
B27: =HLOOKUP(SUBSTITUTE(SUBSTITUTE(SUBSTITUTE(SUBSTITUTE(SUBSTITUTE(VCBW,"AMR_",""),"EVS_",""),"SO3_",""),"SO68_",""),"SO73_",""),$M$3:$O$57,ROW(B27)-ROW($M$3)+1,FALSE)&IF(ISBLANK(HLOOKUP(SUBSTITUTE(SUBSTITUTE(SUBSTITUTE(SUBSTITUTE(SUBSTITUTE(VCBW,"AMR_",""),"EVS_",""),"SO3_",""),"SO68_",""),"SO73_",""),$P$3:$R$57,ROW(B27)-ROW($P$3)+1,FALSE)), ""," / "&HLOOKUP(SUBSTITUTE(SUBSTITUTE(SUBSTITUTE(SUBSTITUTE(SUBSTITUTE(VCBW,"AMR_",""),"EVS_",""),"SO3_",""),"SO68_",""),"SO73_",""),$P$3:$R$57,ROW(B27)-ROW($P$3)+1,FALSE)) -> 5.8.2 / 7.8.2 | D27: nom | E27: =HLOOKUP(IF(OR("GSM"=Network,"WCDMA"=Network),"UMTS",IF(OR("VoLTE"=Network,"VoNR"=Network,"VoWiFi"=Network),"VoIMS",Network))&" "&VCBW,$T$3:$AF$57,ROW(E27)-ROW($T$3)+1,FALSE) -> mask | F27: =HLOOKUP(IF(OR("GSM"=Network,"WCDMA"=Network),"UMTS",IF(OR("VoLTE"=Network,"VoNR"=Network,"VoWiFi"=Network),"VoIMS",Network))&" "&VCBW,$AG$3:$AS$57,ROW(E27)-ROW($AG$3)+1,FALSE) -> N/A | G27: N/A | H27: 4 | M27: 5.8.2 | N27: 6.8.2 | O27: 7.8.2 | P27: 7.8.2 | Q27: 8.8.2 | R27: 9.8.2 | T27: mask | U27: mask | V27: mask | W27: mask | X27: mask | Y27: mask | Z27: mask | AA27: mask | AB27: mask | AC27: mask | AD27: mask | AE27: mask | AF27: mask | AG27: N/A | AH27: N/A | AI27: N/A | AJ27: N/A | AK27: N/A | AL27: N/A | AM27: N/A | AN27: N/A | AO27: N/A | AP27: N/A | AQ27: N/A | AR27: N/A | AS27: N/A
A28: Echo control characteristics | B28: =HLOOKUP(SUBSTITUTE(SUBSTITUTE(SUBSTITUTE(SUBSTITUTE(SUBSTITUTE(VCBW,"AMR_",""),"EVS_",""),"SO3_",""),"SO68_",""),"SO73_",""),$M$3:$O$57,ROW(B28)-ROW($M$3)+1,FALSE)&IF(ISBLANK(HLOOKUP(SUBSTITUTE(SUBSTITUTE(SUBSTITUTE(SUBSTITUTE(SUBSTITUTE(VCBW,"AMR_",""),"EVS_",""),"SO3_",""),"SO68_",""),"SO73_",""),$P$3:$R$57,ROW(B28)-ROW($P$3)+1,FALSE)), ""," / "&HLOOKUP(SUBSTITUTE(SUBSTITUTE(SUBSTITUTE(SUBSTITUTE(SUBSTITUTE(VCBW,"AMR_",""),"EVS_",""),"SO3_",""),"SO68_",""),"SO73_",""),$P$3:$R$57,ROW(B28)-ROW($P$3)+1,FALSE)) -> 5.13.3 / 7.11 | C28: Short DT Class | D28: A1 | E28: =HLOOKUP(IF(OR("GSM"=Network,"WCDMA"=Network),"UMTS",IF(OR("VoLTE"=Network,"VoNR"=Network,"VoWiFi"=Network),"VoIMS",Network))&" "&VCBW,$T$3:$AF$57,ROW(E28)-ROW($T$3)+1,FALSE) -> 0.5 | F28: =HLOOKUP(IF(OR("GSM"=Network,"WCDMA"=Network),"UMTS",IF(OR("VoLTE"=Network,"VoNR"=Network,"VoWiFi"=Network),"VoIMS",Network))&" "&VCBW,$AG$3:$AS$57,ROW(E28)-ROW($AG$3)+1,FALSE) -> 1 | G28: % | H28: 2 | M28: 5.13.3 | N28: 6.12.3 | O28: 7.12.3 | P28: 7.11 | Q28: 8.11 | R28: 9.11 | T28: 0.5 | U28: 0.5 | V28: 0.5 | W28: 0.5 | X28: 0.5 | Y28: 0.5 | Z28: 0.5 | AA28: 0.5 | AB28: 0.5 | AC28: 0.5 | AD28: 0.5 | AE28: 0.5 | AF28: 0.5 | AG28: 1 | AH28: 1 | AI28: 1 | AJ28: 1 | AK28: 1 | AL28: 1 | AM28: 1 | AN28: 1 | AO28: 1 | AP28: 1 | AQ28: 1 | AR28: 1 | AS28: 1
D29: A1 + A2 | E29: =HLOOKUP(IF(OR("GSM"=Network,"WCDMA"=Network),"UMTS",IF(OR("VoLTE"=Network,"VoNR"=Network,"VoWiFi"=Network),"VoIMS",Network))&" "&VCBW,$T$3:$AF$57,ROW(E29)-ROW($T$3)+1,FALSE) -> 0.8 | F29: =HLOOKUP(IF(OR("GSM"=Network,"WCDMA"=Network),"UMTS",IF(OR("VoLTE"=Network,"VoNR"=Network,"VoWiFi"=Network),"VoIMS",Network))&" "&VCBW,$AG$3:$AS$57,ROW(E29)-ROW($AG$3)+1,FALSE) -> 1 | G29: % | H29: 1 | M29: 5.13.3 | N29: 6.12.3 | O29: 7.12.3 | P29: 7.11 | Q29: 8.11 | R29: 9.11 | T29: 0.8 | U29: 0.8 | V29: 0.8 | W29: 0.8 | X29: 0.8 | Y29: 0.8 | Z29: 0.8 | AA29: 0.8 | AB29: 0.8 | AC29: 0.8 | AD29: 0.8 | AE29: 0.8 | AF29: 0.8 | AG29: 1 | AH29: 1 | AI29: 1 | AJ29: 1 | AK29: 1 | AL29: 1 | AM29: 1 | AN29: 1 | AO29: 1 | AP29: 1 | AQ29: 1 | AR29: 1 | AS29: 1
B30: =HLOOKUP(SUBSTITUTE(SUBSTITUTE(SUBSTITUTE(SUBSTITUTE(SUBSTITUTE(VCBW,"AMR_",""),"EVS_",""),"SO3_",""),"SO68_",""),"SO73_",""),$M$3:$O$57,ROW(B30)-ROW($M$3)+1,FALSE)&IF(ISBLANK(HLOOKUP(SUBSTITUTE(SUBSTITUTE(SUBSTITUTE(SUBSTITUTE(SUBSTITUTE(VCBW,"AMR_",""),"EVS_",""),"SO3_",""),"SO68_",""),"SO73_",""),$P$3:$R$57,ROW(B30)-ROW($P$3)+1,FALSE)), ""," / "&HLOOKUP(SUBSTITUTE(SUBSTITUTE(SUBSTITUTE(SUBSTITUTE(SUBSTITUTE(VCBW,"AMR_",""),"EVS_",""),"SO3_",""),"SO68_",""),"SO73_",""),$P$3:$R$57,ROW(B30)-ROW($P$3)+1,FALSE)) -> 5.13.3 / 7.11 | C30: Short ST Class | D30: A1 + A2 | E30: =HLOOKUP(IF(OR("GSM"=Network,"WCDMA"=Network),"UMTS",IF(OR("VoLTE"=Network,"VoNR"=Network,"VoWiFi"=Network),"VoIMS",Network))&" "&VCBW,$T$3:$AF$57,ROW(E30)-ROW($T$3)+1,FALSE) -> 0.8 | F30: =HLOOKUP(IF(OR("GSM"=Network,"WCDMA"=Network),"UMTS",IF(OR("VoLTE"=Network,"VoNR"=Network,"VoWiFi"=Network),"VoIMS",Network))&" "&VCBW,$AG$3:$AS$57,ROW(E30)-ROW($AG$3)+1,FALSE) -> 1 | G30: % | H30: 1 | M30: 5.13.3 | N30: 6.12.3 | O30: 7.12.3 | P30: 7.11 | Q30: 8.11 | R30: 9.11 | T30: 0.8 | U30: 0.8 | V30: 0.8 | W30: 0.8 | X30: 0.8 | Y30: 0.8 | Z30: 0.8 | AA30: 0.8 | AB30: 0.8 | AC30: 0.8 | AD30: 0.8 | AE30: 0.8 | AF30: 0.8 | AG30: 1 | AH30: 1 | AI30: 1 | AJ30: 1 | AK30: 1 | AL30: 1 | AM30: 1 | AN30: 1 | AO30: 1 | AP30: 1 | AQ30: 1 | AR30: 1 | AS30: 1
C31: Long DT Class | D31: A1 | E31: =HLOOKUP(IF(OR("GSM"=Network,"WCDMA"=Network),"UMTS",IF(OR("VoLTE"=Network,"VoNR"=Network,"VoWiFi"=Network),"VoIMS",Network))&" "&VCBW,$T$3:$AF$57,ROW(E31)-ROW($T$3)+1,FALSE) -> 0.5 | F31: =HLOOKUP(IF(OR("GSM"=Network,"WCDMA"=Network),"UMTS",IF(OR("VoLTE"=Network,"VoNR"=Network,"VoWiFi"=Network),"VoIMS",Network))&" "&VCBW,$AG$3:$AS$57,ROW(E31)-ROW($AG$3)+1,FALSE) -> 1 | G31: % | H31: 2 | M31: 5.13.3 | N31: 6.12.3 | O31: 7.12.3 | P31: 7.11 | Q31: 8.11 | R31: 9.11 | T31: 0.5 | U31: 0.5 | V31: 0.5 | W31: 0.5 | X31: 0.5 | Y31: 0.5 | Z31: 0.5 | AA31: 0.5 | AB31: 0.5 | AC31: 0.5 | AD31: 0.5 | AE31: 0.5 | AF31: 0.5 | AG31: 1 | AH31: 1 | AI31: 1 | AJ31: 1 | AK31: 1 | AL31: 1 | AM31: 1 | AN31: 1 | AO31: 1 | AP31: 1 | AQ31: 1 | AR31: 1 | AS31: 1
B32: =HLOOKUP(SUBSTITUTE(SUBSTITUTE(SUBSTITUTE(SUBSTITUTE(SUBSTITUTE(VCBW,"AMR_",""),"EVS_",""),"SO3_",""),"SO68_",""),"SO73_",""),$M$3:$O$57,ROW(B32)-ROW($M$3)+1,FALSE)&IF(ISBLANK(HLOOKUP(SUBSTITUTE(SUBSTITUTE(SUBSTITUTE(SUBSTITUTE(SUBSTITUTE(VCBW,"AMR_",""),"EVS_",""),"SO3_",""),"SO68_",""),"SO73_",""),$P$3:$R$57,ROW(B32)-ROW($P$3)+1,FALSE)), ""," / "&HLOOKUP(SUBSTITUTE(SUBSTITUTE(SUBSTITUTE(SUBSTITUTE(SUBSTITUTE(VCBW,"AMR_",""),"EVS_",""),"SO3_",""),"SO68_",""),"SO73_",""),$P$3:$R$57,ROW(B32)-ROW($P$3)+1,FALSE)) -> 5.13.3 / 7.11 | D32: A1 + A2 | E32: =HLOOKUP(IF(OR("GSM"=Network,"WCDMA"=Network),"UMTS",IF(OR("VoLTE"=Network,"VoNR"=Network,"VoWiFi"=Network),"VoIMS",Network))&" "&VCBW,$T$3:$AF$57,ROW(E32)-ROW($T$3)+1,FALSE) -> 0.8 | F32: =HLOOKUP(IF(OR("GSM"=Network,"WCDMA"=Network),"UMTS",IF(OR("VoLTE"=Network,"VoNR"=Network,"VoWiFi"=Network),"VoIMS",Network))&" "&VCBW,$AG$3:$AS$57,ROW(E32)-ROW($AG$3)+1,FALSE) -> 1 | G32: % | H32: 1 | M32: 5.13.3 | N32: 6.12.3 | O32: 7.12.3 | P32: 7.11 | Q32: 8.11 | R32: 9.11 | T32: 0.8 | U32: 0.8 | V32: 0.8 | W32: 0.8 | X32: 0.8 | Y32: 0.8 | Z32: 0.8 | AA32: 0.8 | AB32: 0.8 | AC32: 0.8 | AD32: 0.8 | AE32: 0.8 | AF32: 0.8 | AG32: 1 | AH32: 1 | AI32: 1 | AJ32: 1 | AK32: 1 | AL32: 1 | AM32: 1 | AN32: 1 | AO32: 1 | AP32: 1 | AQ32: 1 | AR32: 1 | AS32: 1
B33: =HLOOKUP(SUBSTITUTE(SUBSTITUTE(SUBSTITUTE(SUBSTITUTE(SUBSTITUTE(VCBW,"AMR_",""),"EVS_",""),"SO3_",""),"SO68_",""),"SO73_",""),$M$3:$O$57,ROW(B33)-ROW($M$3)+1,FALSE)&IF(ISBLANK(HLOOKUP(SUBSTITUTE(SUBSTITUTE(SUBSTITUTE(SUBSTITUTE(SUBSTITUTE(VCBW,"AMR_",""),"EVS_",""),"SO3_",""),"SO68_",""),"SO73_",""),$P$3:$R$57,ROW(B33)-ROW($P$3)+1,FALSE)), ""," / "&HLOOKUP(SUBSTITUTE(SUBSTITUTE(SUBSTITUTE(SUBSTITUTE(SUBSTITUTE(VCBW,"AMR_",""),"EVS_",""),"SO3_",""),"SO68_",""),"SO73_",""),$P$3:$R$57,ROW(B33)-ROW($P$3)+1,FALSE)) -> 5.13.3 / 7.11 | C33: Long ST Class | D33: A1 + A2 | E33: =HLOOKUP(IF(OR("GSM"=Network,"WCDMA"=Network),"UMTS",IF(OR("VoLTE"=Network,"VoNR"=Network,"VoWiFi"=Network),"VoIMS",Network))&" "&VCBW,$T$3:$AF$57,ROW(E33)-ROW($T$3)+1,FALSE) -> 0.8 | F33: =HLOOKUP(IF(OR("GSM"=Network,"WCDMA"=Network),"UMTS",IF(OR("VoLTE"=Network,"VoNR"=Network,"VoWiFi"=Network),"VoIMS",Network))&" "&VCBW,$AG$3:$AS$57,ROW(E33)-ROW($AG$3)+1,FALSE) -> 1 | G33: % | H33: 1 | M33: 5.13.3 | N33: 6.12.3 | O33: 7.12.3 | P33: 7.11 | Q33: 8.11 | R33: 9.11 | T33: 0.8 | U33: 0.8 | V33: 0.8 | W33: 0.8 | X33: 0.8 | Y33: 0.8 | Z33: 0.8 | AA33: 0.8 | AB33: 0.8 | AC33: 0.8 | AD33: 0.8 | AE33: 0.8 | AF33: 0.8 | AG33: 1 | AH33: 1 | AI33: 1 | AJ33: 1 | AK33: 1 | AL33: 1 | AM33: 1 | AN33: 1 | AO33: 1 | AP33: 1 | AQ33: 1 | AR33: 1 | AS33: 1
A34: Quality in the presence of ambient noise | B34: =HLOOKUP(SUBSTITUTE(SUBSTITUTE(SUBSTITUTE(SUBSTITUTE(SUBSTITUTE(VCBW,"AMR_",""),"EVS_",""),"SO3_",""),"SO68_",""),"SO73_",""),$M$3:$O$57,ROW(B34)-ROW($M$3)+1,FALSE)&IF(ISBLANK(HLOOKUP(SUBSTITUTE(SUBSTITUTE(SUBSTITUTE(SUBSTITUTE(SUBSTITUTE(VCBW,"AMR_",""),"EVS_",""),"SO3_",""),"SO68_",""),"SO73_",""),$P$3:$R$57,ROW(B34)-ROW($P$3)+1,FALSE)), ""," / "&HLOOKUP(SUBSTITUTE(SUBSTITUTE(SUBSTITUTE(SUBSTITUTE(SUBSTITUTE(VCBW,"AMR_",""),"EVS_",""),"SO3_",""),"SO68_",""),"SO73_",""),$P$3:$R$57,ROW(B34)-ROW($P$3)+1,FALSE)) -> 5.11.3 / 7.12.2 | C34: S-MOS | D34: average | E34: =HLOOKUP(IF(OR("GSM"=Network,"WCDMA"=Network),"UMTS",IF(OR("VoLTE"=Network,"VoNR"=Network,"VoWiFi"=Network),"VoIMS",Network))&" "&VCBW,$T$3:$AF$57,ROW(E34)-ROW($T$3)+1,FALSE) -> 3.5 | F34: =HLOOKUP(IF(OR("GSM"=Network,"WCDMA"=Network),"UMTS",IF(OR("VoLTE"=Network,"VoNR"=Network,"VoWiFi"=Network),"VoIMS",Network))&" "&VCBW,$AG$3:$AS$57,ROW(E34)-ROW($AG$3)+1,FALSE) -> 5 | G34: N/A | H34: 1 | M34: 5.11.3 | N34: 6.10.3 | O34: 7.10.3 | P34: 7.12.2 | Q34: 8.12.2 | R34: 9.12.2 | T34: 3.5 | U34: 3.5 | V34: 3.5 | W34: 3.5 | X34: 3.5 | Y34: 3.5 | Z34: 3.5 | AA34: 3.5 | AB34: 3.5 | AC34: 3.5 | AD34: 3.5 | AE34: 3.5 | AF34: 3.5 | AG34: 5 | AH34: 5 | AI34: 5 | AJ34: 5 | AK34: 5 | AL34: 5 | AM34: 5 | AN34: 5 | AO34: 5 | AP34: 5 | AQ34: 5 | AR34: 5 | AS34: 5
B35: =HLOOKUP(SUBSTITUTE(SUBSTITUTE(SUBSTITUTE(SUBSTITUTE(SUBSTITUTE(VCBW,"AMR_",""),"EVS_",""),"SO3_",""),"SO68_",""),"SO73_",""),$M$3:$O$57,ROW(B35)-ROW($M$3)+1,FALSE)&IF(ISBLANK(HLOOKUP(SUBSTITUTE(SUBSTITUTE(SUBSTITUTE(SUBSTITUTE(SUBSTITUTE(VCBW,"AMR_",""),"EVS_",""),"SO3_",""),"SO68_",""),"SO73_",""),$P$3:$R$57,ROW(B35)-ROW($P$3)+1,FALSE)), ""," / "&HLOOKUP(SUBSTITUTE(SUBSTITUTE(SUBSTITUTE(SUBSTITUTE(SUBSTITUTE(VCBW,"AMR_",""),"EVS_",""),"SO3_",""),"SO68_",""),"SO73_",""),$P$3:$R$57,ROW(B35)-ROW($P$3)+1,FALSE)) -> 5.11.3 / 7.12.2 | C35: N-MOS | D35: average | E35: =HLOOKUP(IF(OR("GSM"=Network,"WCDMA"=Network),"UMTS",IF(OR("VoLTE"=Network,"VoNR"=Network,"VoWiFi"=Network),"VoIMS",Network))&" "&VCBW,$T$3:$AF$57,ROW(E35)-ROW($T$3)+1,FALSE) -> 3 | F35: =HLOOKUP(IF(OR("GSM"=Network,"WCDMA"=Network),"UMTS",IF(OR("VoLTE"=Network,"VoNR"=Network,"VoWiFi"=Network),"VoIMS",Network))&" "&VCBW,$AG$3:$AS$57,ROW(E35)-ROW($AG$3)+1,FALSE) -> 5 | G35: N/A | H35: 1 | M35: 5.11.3 | N35: 6.10.3 | O35: 7.10.3 | P35: 7.12.2 | Q35: 8.12.2 | R35: 9.12.2 | T35: 3 | U35: 3 | V35: 3 | W35: 3 | X35: 3 | Y35: 3 | Z35: 3 | AA35: 3 | AB35: 3 | AC35: 3 | AD35: 3 | AE35: 3 | AF35: 3 | AG35: 5 | AH35: 5 | AI35: 5 | AJ35: 5 | AK35: 5 | AL35: 5 | AM35: 5 | AN35: 5 | AO35: 5 | AP35: 5 | AQ35: 5 | AR35: 5 | AS35: 5
B36: =HLOOKUP(SUBSTITUTE(SUBSTITUTE(SUBSTITUTE(SUBSTITUTE(SUBSTITUTE(VCBW,"AMR_",""),"EVS_",""),"SO3_",""),"SO68_",""),"SO73_",""),$M$3:$O$57,ROW(B36)-ROW($M$3)+1,FALSE)&IF(ISBLANK(HLOOKUP(SUBSTITUTE(SUBSTITUTE(SUBSTITUTE(SUBSTITUTE(SUBSTITUTE(VCBW,"AMR_",""),"EVS_",""),"SO3_",""),"SO68_",""),"SO73_",""),$P$3:$R$57,ROW(B36)-ROW($P$3)+1,FALSE)), ""," / "&HLOOKUP(SUBSTITUTE(SUBSTITUTE(SUBSTITUTE(SUBSTITUTE(SUBSTITUTE(VCBW,"AMR_",""),"EVS_",""),"SO3_",""),"SO68_",""),"SO73_",""),$P$3:$R$57,ROW(B36)-ROW($P$3)+1,FALSE)) -> 5.11.3 / 7.12.2 | C36: G-MOS | D36: average | E36: =HLOOKUP(IF(OR("GSM"=Network,"WCDMA"=Network),"UMTS",IF(OR("VoLTE"=Network,"VoNR"=Network,"VoWiFi"=Network),"VoIMS",Network))&" "&VCBW,$T$3:$AF$57,ROW(E36)-ROW($T$3)+1,FALSE) -> 3 | F36: =HLOOKUP(IF(OR("GSM"=Network,"WCDMA"=Network),"UMTS",IF(OR("VoLTE"=Network,"VoNR"=Network,"VoWiFi"=Network),"VoIMS",Network))&" "&VCBW,$AG$3:$AS$57,ROW(E36)-ROW($AG$3)+1,FALSE) -> 5 | G36: N/A | H36: 1 | M36: 5.11.3 | N36: 6.10.3 | O36: 7.10.3 | P36: 7.12.2 | Q36: 8.12.2 | R36: 9.12.2 | T36: 3 | U36: 3 | V36: 3 | W36: 3 | X36: 3 | Y36: 3 | Z36: 3 | AA36: 3 | AB36: 3 | AC36: 3 | AD36: 3 | AE36: 3 | AF36: 3 | AG36: 5 | AH36: 5 | AI36: 5 | AJ36: 5 | AK36: 5 | AL36: 5 | AM36: 5 | AN36: 5 | AO36: 5 | AP36: 5 | AQ36: 5 | AR36: 5 | AS36: 5
B37: =HLOOKUP(SUBSTITUTE(SUBSTITUTE(SUBSTITUTE(SUBSTITUTE(SUBSTITUTE(VCBW,"AMR_",""),"EVS_",""),"SO3_",""),"SO68_",""),"SO73_",""),$M$3:$O$57,ROW(B37)-ROW($M$3)+1,FALSE)&IF(ISBLANK(HLOOKUP(SUBSTITUTE(SUBSTITUTE(SUBSTITUTE(SUBSTITUTE(SUBSTITUTE(VCBW,"AMR_",""),"EVS_",""),"SO3_",""),"SO68_",""),"SO73_",""),$P$3:$R$57,ROW(B37)-ROW($P$3)+1,FALSE)), ""," / "&HLOOKUP(SUBSTITUTE(SUBSTITUTE(SUBSTITUTE(SUBSTITUTE(SUBSTITUTE(VCBW,"AMR_",""),"EVS_",""),"SO3_",""),"SO68_",""),"SO73_",""),$P$3:$R$57,ROW(B37)-ROW($P$3)+1,FALSE)) -> 5.11.3 / 7.12.2 | C37: S-MOS | D37: Pub | E37: =HLOOKUP(IF(OR("GSM"=Network,"WCDMA"=Network),"UMTS",IF(OR("VoLTE"=Network,"VoNR"=Network,"VoWiFi"=Network),"VoIMS",Network))&" "&VCBW,$T$3:$AF$57,ROW(E37)-ROW($T$3)+1,FALSE) -> 3.1 | F37: =HLOOKUP(IF(OR("GSM"=Network,"WCDMA"=Network),"UMTS",IF(OR("VoLTE"=Network,"VoNR"=Network,"VoWiFi"=Network),"VoIMS",Network))&" "&VCBW,$AG$3:$AS$57,ROW(E37)-ROW($AG$3)+1,FALSE) -> 5 | G37: N/A | H37: 2 | M37: 5.11.3 | N37: 6.10.3 | O37: 7.10.3 | P37: 7.12.2 | Q37: 8.12.2 | R37: 9.12.2 | T37: 3.1 | U37: 3.1 | V37: 3.1 | W37: 3.1 | X37: 3.1 | Y37: 3.1 | Z37: 3.1 | AA37: 3.1 | AB37: 3.1 | AC37: 3.1 | AD37: 3.1 | AE37: 3.1 | AF37: 3.1 | AG37: 5 | AH37: 5 | AI37: 5 | AJ37: 5 | AK37: 5 | AL37: 5 | AM37: 5 | AN37: 5 | AO37: 5 | AP37: 5 | AQ37: 5 | AR37: 5 | AS37: 5
B38: =HLOOKUP(SUBSTITUTE(SUBSTITUTE(SUBSTITUTE(SUBSTITUTE(SUBSTITUTE(VCBW,"AMR_",""),"EVS_",""),"SO3_",""),"SO68_",""),"SO73_",""),$M$3:$O$57,ROW(B38)-ROW($M$3)+1,FALSE)&IF(ISBLANK(HLOOKUP(SUBSTITUTE(SUBSTITUTE(SUBSTITUTE(SUBSTITUTE(SUBSTITUTE(VCBW,"AMR_",""),"EVS_",""),"SO3_",""),"SO68_",""),"SO73_",""),$P$3:$R$57,ROW(B38)-ROW($P$3)+1,FALSE)), ""," / "&HLOOKUP(SUBSTITUTE(SUBSTITUTE(SUBSTITUTE(SUBSTITUTE(SUBSTITUTE(VCBW,"AMR_",""),"EVS_",""),"SO3_",""),"SO68_",""),"SO73_",""),$P$3:$R$57,ROW(B38)-ROW($P$3)+1,FALSE)) -> 5.11.3 / 7.12.2 | D38: Road | E38: =HLOOKUP(IF(OR("GSM"=Network,"WCDMA"=Network),"UMTS",IF(OR("VoLTE"=Network,"VoNR"=Network,"VoWiFi"=Network),"VoIMS",Network))&" "&VCBW,$T$3:$AF$57,ROW(E38)-ROW($T$3)+1,FALSE) -> 2.8 | F38: =HLOOKUP(IF(OR("GSM"=Network,"WCDMA"=Network),"UMTS",IF(OR("VoLTE"=Network,"VoNR"=Network,"VoWiFi"=Network),"VoIMS",Network))&" "&VCBW,$AG$3:$AS$57,ROW(E38)-ROW($AG$3)+1,FALSE) -> 5 | G38: N/A | H38: 2 | M38: 5.11.3 | N38: 6.10.3 | O38: 7.10.3 | P38: 7.12.2 | Q38: 8.12.2 | R38: 9.12.2 | T38: 2.8 | U38: 2.8 | V38: 2.8 | W38: 2.8 | X38: 2.8 | Y38: 2.8 | Z38: 2.8 | AA38: 2.8 | AB38: 2.8 | AC38: 2.8 | AD38: 2.8 | AE38: 2.8 | AF38: 2.8 | AG38: 5 | AH38: 5 | AI38: 5 | AJ38: 5 | AK38: 5 | AL38: 5 | AM38: 5 | AN38: 5 | AO38: 5 | AP38: 5 | AQ38: 5 | AR38: 5 | AS38: 5
B39: =HLOOKUP(SUBSTITUTE(SUBSTITUTE(SUBSTITUTE(SUBSTITUTE(SUBSTITUTE(VCBW,"AMR_",""),"EVS_",""),"SO3_",""),"SO68_",""),"SO73_",""),$M$3:$O$57,ROW(B39)-ROW($M$3)+1,FALSE)&IF(ISBLANK(HLOOKUP(SUBSTITUTE(SUBSTITUTE(SUBSTITUTE(SUBSTITUTE(SUBSTITUTE(VCBW,"AMR_",""),"EVS_",""),"SO3_",""),"SO68_",""),"SO73_",""),$P$3:$R$57,ROW(B39)-ROW($P$3)+1,FALSE)), ""," / "&HLOOKUP(SUBSTITUTE(SUBSTITUTE(SUBSTITUTE(SUBSTITUTE(SUBSTITUTE(VCBW,"AMR_",""),"EVS_",""),"SO3_",""),"SO68_",""),"SO73_",""),$P$3:$R$57,ROW(B39)-ROW($P$3)+1,FALSE)) -> 5.11.3 / 7.12.2 | D39: Crossroads | E39: =HLOOKUP(IF(OR("GSM"=Network,"WCDMA"=Network),"UMTS",IF(OR("VoLTE"=Network,"VoNR"=Network,"VoWiFi"=Network),"VoIMS",Network))&" "&VCBW,$T$3:$AF$57,ROW(E39)-ROW($T$3)+1,FALSE) -> 3.1 | F39: =HLOOKUP(IF(OR("GSM"=Network,"WCDMA"=Network),"UMTS",IF(OR("VoLTE"=Network,"VoNR"=Network,"VoWiFi"=Network),"VoIMS",Network))&" "&VCBW,$AG$3:$AS$57,ROW(E39)-ROW($AG$3)+1,FALSE) -> 5 | G39: N/A | H39: 2 | M39: 5.11.3 | N39: 6.10.3 | O39: 7.10.3 | P39: 7.12.2 | Q39: 8.12.2 | R39: 9.12.2 | T39: 3.1 | U39: 3.1 | V39: 3.1 | W39: 3.1 | X39: 3.1 | Y39: 3.1 | Z39: 3.1 | AA39: 3.1 | AB39: 3.1 | AC39: 3.1 | AD39: 3.1 | AE39: 3.1 | AF39: 3.1 | AG39: 5 | AH39: 5 | AI39: 5 | AJ39: 5 | AK39: 5 | AL39: 5 | AM39: 5 | AN39: 5 | AO39: 5 | AP39: 5 | AQ39: 5 | AR39: 5 | AS39: 5
B40: =HLOOKUP(SUBSTITUTE(SUBSTITUTE(SUBSTITUTE(SUBSTITUTE(SUBSTITUTE(VCBW,"AMR_",""),"EVS_",""),"SO3_",""),"SO68_",""),"SO73_",""),$M$3:$O$57,ROW(B40)-ROW($M$3)+1,FALSE)&IF(ISBLANK(HLOOKUP(SUBSTITUTE(SUBSTITUTE(SUBSTITUTE(SUBSTITUTE(SUBSTITUTE(VCBW,"AMR_",""),"EVS_",""),"SO3_",""),"SO68_",""),"SO73_",""),$P$3:$R$57,ROW(B40)-ROW($P$3)+1,FALSE)), ""," / "&HLOOKUP(SUBSTITUTE(SUBSTITUTE(SUBSTITUTE(SUBSTITUTE(SUBSTITUTE(VCBW,"AMR_",""),"EVS_",""),"SO3_",""),"SO68_",""),"SO73_",""),$P$3:$R$57,ROW(B40)-ROW($P$3)+1,FALSE)) -> 5.11.3 / 7.12.2 | D40: Train | E40: =HLOOKUP(IF(OR("GSM"=Network,"WCDMA"=Network),"UMTS",IF(OR("VoLTE"=Network,"VoNR"=Network,"VoWiFi"=Network),"VoIMS",Network))&" "&VCBW,$T$3:$AF$57,ROW(E40)-ROW($T$3)+1,FALSE) -> 3.1 | F40: =HLOOKUP(IF(OR("GSM"=Network,"WCDMA"=Network),"UMTS",IF(OR("VoLTE"=Network,"VoNR"=Network,"VoWiFi"=Network),"VoIMS",Network))&" "&VCBW,$AG$3:$AS$57,ROW(E40)-ROW($AG$3)+1,FALSE) -> 5 | G40: N/A | H40: 2 | M40: 5.11.3 | N40: 6.10.3 | O40: 7.10.3 | P40: 7.12.2 | Q40: 8.12.2 | R40: 9.12.2 | T40: 3.1 | U40: 3.1 | V40: 3.1 | W40: 3.1 | X40: 3.1 | Y40: 3.1 | Z40: 3.1 | AA40: 3.1 | AB40: 3.1 | AC40: 3.1 | AD40: 3.1 | AE40: 3.1 | AF40: 3.1 | AG40: 5 | AH40: 5 | AI40: 5 | AJ40: 5 | AK40: 5 | AL40: 5 | AM40: 5 | AN40: 5 | AO40: 5 | AP40: 5 | AQ40: 5 | AR40: 5 | AS40: 5
B41: =HLOOKUP(SUBSTITUTE(SUBSTITUTE(SUBSTITUTE(SUBSTITUTE(SUBSTITUTE(VCBW,"AMR_",""),"EVS_",""),"SO3_",""),"SO68_",""),"SO73_",""),$M$3:$O$57,ROW(B41)-ROW($M$3)+1,FALSE)&IF(ISBLANK(HLOOKUP(SUBSTITUTE(SUBSTITUTE(SUBSTITUTE(SUBSTITUTE(SUBSTITUTE(VCBW,"AMR_",""),"EVS_",""),"SO3_",""),"SO68_",""),"SO73_",""),$P$3:$R$57,ROW(B41)-ROW($P$3)+1,FALSE)), ""," / "&HLOOKUP(SUBSTITUTE(SUBSTITUTE(SUBSTITUTE(SUBSTITUTE(SUBSTITUTE(VCBW,"AMR_",""),"EVS_",""),"SO3_",""),"SO68_",""),"SO73_",""),$P$3:$R$57,ROW(B41)-ROW($P$3)+1,FALSE)) -> 5.11.3 / 7.12.2 | D41: Car | E41: =HLOOKUP(IF(OR("GSM"=Network,"WCDMA"=Network),"UMTS",IF(OR("VoLTE"=Network,"VoNR"=Network,"VoWiFi"=Network),"VoIMS",Network))&" "&VCBW,$T$3:$AF$57,ROW(E41)-ROW($T$3)+1,FALSE) -> 3.2 | F41: =HLOOKUP(IF(OR("GSM"=Network,"WCDMA"=Network),"UMTS",IF(OR("VoLTE"=Network,"VoNR"=Network,"VoWiFi"=Network),"VoIMS",Network))&" "&VCBW,$AG$3:$AS$57,ROW(E41)-ROW($AG$3)+1,FALSE) -> 5 | G41: N/A | H41: 2 | M41: 5.11.3 | N41: 6.10.3 | O41: 7.10.3 | P41: 7.12.2 | Q41: 8.12.2 | R41: 9.12.2 | T41: 3.2 | U41: 3.2 | V41: 3.2 | W41: 3.2 | X41: 3.2 | Y41: 3.2 | Z41: 3.2 | AA41: 3.2 | AB41: 3.2 | AC41: 3.2 | AD41: 3.2 | AE41: 3.2 | AF41: 3.2 | AG41: 5 | AH41: 5 | AI41: 5 | AJ41: 5 | AK41: 5 | AL41: 5 | AM41: 5 | AN41: 5 | AO41: 5 | AP41: 5 | AQ41: 5 | AR41: 5 | AS41: 5
B42: =HLOOKUP(SUBSTITUTE(SUBSTITUTE(SUBSTITUTE(SUBSTITUTE(SUBSTITUTE(VCBW,"AMR_",""),"EVS_",""),"SO3_",""),"SO68_",""),"SO73_",""),$M$3:$O$57,ROW(B42)-ROW($M$3)+1,FALSE)&IF(ISBLANK(HLOOKUP(SUBSTITUTE(SUBSTITUTE(SUBSTITUTE(SUBSTITUTE(SUBSTITUTE(VCBW,"AMR_",""),"EVS_",""),"SO3_",""),"SO68_",""),"SO73_",""),$P$3:$R$57,ROW(B42)-ROW($P$3)+1,FALSE)), ""," / "&HLOOKUP(SUBSTITUTE(SUBSTITUTE(SUBSTITUTE(SUBSTITUTE(SUBSTITUTE(VCBW,"AMR_",""),"EVS_",""),"SO3_",""),"SO68_",""),"SO73_",""),$P$3:$R$57,ROW(B42)-ROW($P$3)+1,FALSE)) -> 5.11.3 / 7.12.2 | D42: Cafeteria | E42: =HLOOKUP(IF(OR("GSM"=Network,"WCDMA"=Network),"UMTS",IF(OR("VoLTE"=Network,"VoNR"=Network,"VoWiFi"=Network),"VoIMS",Network))&" "&VCBW,$T$3:$AF$57,ROW(E42)-ROW($T$3)+1,FALSE) -> 3.1 | F42: =HLOOKUP(IF(OR("GSM"=Network,"WCDMA"=Network),"UMTS",IF(OR("VoLTE"=Network,"VoNR"=Network,"VoWiFi"=Network),"VoIMS",Network))&" "&VCBW,$AG$3:$AS$57,ROW(E42)-ROW($AG$3)+1,FALSE) -> 5 | G42: N/A | H42: 2 | M42: 5.11.3 | N42: 6.10.3 | O42: 7.10.3 | P42: 7.12.2 | Q42: 8.12.2 | R42: 9.12.2 | T42: 3.1 | U42: 3.1 | V42: 3.1 | W42: 3.1 | X42: 3.1 | Y42: 3.1 | Z42: 3.1 | AA42: 3.1 | AB42: 3.1 | AC42: 3.1 | AD42: 3.1 | AE42: 3.1 | AF42: 3.1 | AG42: 5 | AH42: 5 | AI42: 5 | AJ42: 5 | AK42: 5 | AL42: 5 | AM42: 5 | AN42: 5 | AO42: 5 | AP42: 5 | AQ42: 5 | AR42: 5 | AS42: 5
B43: =HLOOKUP(SUBSTITUTE(SUBSTITUTE(SUBSTITUTE(SUBSTITUTE(SUBSTITUTE(VCBW,"AMR_",""),"EVS_",""),"SO3_",""),"SO68_",""),"SO73_",""),$M$3:$O$57,ROW(B43)-ROW($M$3)+1,FALSE)&IF(ISBLANK(HLOOKUP(SUBSTITUTE(SUBSTITUTE(SUBSTITUTE(SUBSTITUTE(SUBSTITUTE(VCBW,"AMR_",""),"EVS_",""),"SO3_",""),"SO68_",""),"SO73_",""),$P$3:$R$57,ROW(B43)-ROW($P$3)+1,FALSE)), ""," / "&HLOOKUP(SUBSTITUTE(SUBSTITUTE(SUBSTITUTE(SUBSTITUTE(SUBSTITUTE(VCBW,"AMR_",""),"EVS_",""),"SO3_",""),"SO68_",""),"SO73_",""),$P$3:$R$57,ROW(B43)-ROW($P$3)+1,FALSE)) -> 5.11.3 / 7.12.2 | D43: Mensa | E43: =HLOOKUP(IF(OR("GSM"=Network,"WCDMA"=Network),"UMTS",IF(OR("VoLTE"=Network,"VoNR"=Network,"VoWiFi"=Network),"VoIMS",Network))&" "&VCBW,$T$3:$AF$57,ROW(E43)-ROW($T$3)+1,FALSE) -> 3.1 | F43: =HLOOKUP(IF(OR("GSM"=Network,"WCDMA"=Network),"UMTS",IF(OR("VoLTE"=Network,"VoNR"=Network,"VoWiFi"=Network),"VoIMS",Network))&" "&VCBW,$AG$3:$AS$57,ROW(E43)-ROW($AG$3)+1,FALSE) -> 5 | G43: N/A | H43: 2 | M43: 5.11.3 | N43: 6.10.3 | O43: 7.10.3 | P43: 7.12.2 | Q43: 8.12.2 | R43: 9.12.2 | T43: 3.1 | U43: 3.1 | V43: 3.1 | W43: 3.1 | X43: 3.1 | Y43: 3.1 | Z43: 3.1 | AA43: 3.1 | AB43: 3.1 | AC43: 3.1 | AD43: 3.1 | AE43: 3.1 | AF43: 3.1 | AG43: 5 | AH43: 5 | AI43: 5 | AJ43: 5 | AK43: 5 | AL43: 5 | AM43: 5 | AN43: 5 | AO43: 5 | AP43: 5 | AQ43: 5 | AR43: 5 | AS43: 5
B44: =HLOOKUP(SUBSTITUTE(SUBSTITUTE(SUBSTITUTE(SUBSTITUTE(SUBSTITUTE(VCBW,"AMR_",""),"EVS_",""),"SO3_",""),"SO68_",""),"SO73_",""),$M$3:$O$57,ROW(B44)-ROW($M$3)+1,FALSE)&IF(ISBLANK(HLOOKUP(SUBSTITUTE(SUBSTITUTE(SUBSTITUTE(SUBSTITUTE(SUBSTITUTE(VCBW,"AMR_",""),"EVS_",""),"SO3_",""),"SO68_",""),"SO73_",""),$P$3:$R$57,ROW(B44)-ROW($P$3)+1,FALSE)), ""," / "&HLOOKUP(SUBSTITUTE(SUBSTITUTE(SUBSTITUTE(SUBSTITUTE(SUBSTITUTE(VCBW,"AMR_",""),"EVS_",""),"SO3_",""),"SO68_",""),"SO73_",""),$P$3:$R$57,ROW(B44)-ROW($P$3)+1,FALSE)) -> 5.11.3 / 7.12.2 | D44: Callcenter | E44: =HLOOKUP(IF(OR("GSM"=Network,"WCDMA"=Network),"UMTS",IF(OR("VoLTE"=Network,"VoNR"=Network,"VoWiFi"=Network),"VoIMS",Network))&" "&VCBW,$T$3:$AF$57,ROW(E44)-ROW($T$3)+1,FALSE) -> 3.3 | F44: =HLOOKUP(IF(OR("GSM"=Network,"WCDMA"=Network),"UMTS",IF(OR("VoLTE"=Network,"VoNR"=Network,"VoWiFi"=Network),"VoIMS",Network))&" "&VCBW,$AG$3:$AS$57,ROW(E44)-ROW($AG$3)+1,FALSE) -> 5 | G44: N/A | H44: 2 | M44: 5.11.3 | N44: 6.10.3 | O44: 7.10.3 | P44: 7.12.2 | Q44: 8.12.2 | R44: 9.12.2 | T44: 3.3 | U44: 3.3 | V44: 3.3 | W44: 3.3 | X44: 3.3 | Y44: 3.3 | Z44: 3.3 | AA44: 3.3 | AB44: 3.3 | AC44: 3.3 | AD44: 3.3 | AE44: 3.3 | AF44: 3.3 | AG44: 5 | AH44: 5 | AI44: 5 | AJ44: 5 | AK44: 5 | AL44: 5 | AM44: 5 | AN44: 5 | AO44: 5 | AP44: 5 | AQ44: 5 | AR44: 5 | AS44: 5
B45: =HLOOKUP(SUBSTITUTE(SUBSTITUTE(SUBSTITUTE(SUBSTITUTE(SUBSTITUTE(VCBW,"AMR_",""),"EVS_",""),"SO3_",""),"SO68_",""),"SO73_",""),$M$3:$O$57,ROW(B45)-ROW($M$3)+1,FALSE)&IF(ISBLANK(HLOOKUP(SUBSTITUTE(SUBSTITUTE(SUBSTITUTE(SUBSTITUTE(SUBSTITUTE(VCBW,"AMR_",""),"EVS_",""),"SO3_",""),"SO68_",""),"SO73_",""),$P$3:$R$57,ROW(B45)-ROW($P$3)+1,FALSE)), ""," / "&HLOOKUP(SUBSTITUTE(SUBSTITUTE(SUBSTITUTE(SUBSTITUTE(SUBSTITUTE(VCBW,"AMR_",""),"EVS_",""),"SO3_",""),"SO68_",""),"SO73_",""),$P$3:$R$57,ROW(B45)-ROW($P$3)+1,FALSE)) -> 5.11.3 / 7.12.2 | C45: N-MOS | D45: Pub | E45: =HLOOKUP(IF(OR("GSM"=Network,"WCDMA"=Network),"UMTS",IF(OR("VoLTE"=Network,"VoNR"=Network,"VoWiFi"=Network),"VoIMS",Network))&" "&VCBW,$T$3:$AF$57,ROW(E45)-ROW($T$3)+1,FALSE) -> 1.8 | F45: =HLOOKUP(IF(OR("GSM"=Network,"WCDMA"=Network),"UMTS",IF(OR("VoLTE"=Network,"VoNR"=Network,"VoWiFi"=Network),"VoIMS",Network))&" "&VCBW,$AG$3:$AS$57,ROW(E45)-ROW($AG$3)+1,FALSE) -> 5 | G45: N/A | H45: 2 | M45: 5.11.3 | N45: 6.10.3 | O45: 7.10.3 | P45: 7.12.2 | Q45: 8.12.2 | R45: 9.12.2 | T45: 1.8 | U45: 1.8 | V45: 1.8 | W45: 1.8 | X45: 1.8 | Y45: 1.8 | Z45: 1.8 | AA45: 1.8 | AB45: 1.8 | AC45: 1.8 | AD45: 1.8 | AE45: 1.8 | AF45: 1.8 | AG45: 5 | AH45: 5 | AI45: 5 | AJ45: 5 | AK45: 5 | AL45: 5 | AM45: 5 | AN45: 5 | AO45: 5 | AP45: 5 | AQ45: 5 | AR45: 5 | AS45: 5
B46: =HLOOKUP(SUBSTITUTE(SUBSTITUTE(SUBSTITUTE(SUBSTITUTE(SUBSTITUTE(VCBW,"AMR_",""),"EVS_",""),"SO3_",""),"SO68_",""),"SO73_",""),$M$3:$O$57,ROW(B46)-ROW($M$3)+1,FALSE)&IF(ISBLANK(HLOOKUP(SUBSTITUTE(SUBSTITUTE(SUBSTITUTE(SUBSTITUTE(SUBSTITUTE(VCBW,"AMR_",""),"EVS_",""),"SO3_",""),"SO68_",""),"SO73_",""),$P$3:$R$57,ROW(B46)-ROW($P$3)+1,FALSE)), ""," / "&HLOOKUP(SUBSTITUTE(SUBSTITUTE(SUBSTITUTE(SUBSTITUTE(SUBSTITUTE(VCBW,"AMR_",""),"EVS_",""),"SO3_",""),"SO68_",""),"SO73_",""),$P$3:$R$57,ROW(B46)-ROW($P$3)+1,FALSE)) -> 5.11.3 / 7.12.2 | D46: Road | E46: =HLOOKUP(IF(OR("GSM"=Network,"WCDMA"=Network),"UMTS",IF(OR("VoLTE"=Network,"VoNR"=Network,"VoWiFi"=Network),"VoIMS",Network))&" "&VCBW,$T$3:$AF$57,ROW(E46)-ROW($T$3)+1,FALSE) -> 1.9 | F46: =HLOOKUP(IF(OR("GSM"=Network,"WCDMA"=Network),"UMTS",IF(OR("VoLTE"=Network,"VoNR"=Network,"VoWiFi"=Network),"VoIMS",Network))&" "&VCBW,$AG$3:$AS$57,ROW(E46)-ROW($AG$3)+1,FALSE) -> 5 | G46: N/A | H46: 2 | M46: 5.11.3 | N46: 6.10.3 | O46: 7.10.3 | P46: 7.12.2 | Q46: 8.12.2 | R46: 9.12.2 | T46: 1.9 | U46: 1.9 | V46: 1.9 | W46: 1.9 | X46: 1.9 | Y46: 1.9 | Z46: 1.9 | AA46: 1.9 | AB46: 1.9 | AC46: 1.9 | AD46: 1.9 | AE46: 1.9 | AF46: 1.9 | AG46: 5 | AH46: 5 | AI46: 5 | AJ46: 5 | AK46: 5 | AL46: 5 | AM46: 5 | AN46: 5 | AO46: 5 | AP46: 5 | AQ46: 5 | AR46: 5 | AS46: 5
B47: =HLOOKUP(SUBSTITUTE(SUBSTITUTE(SUBSTITUTE(SUBSTITUTE(SUBSTITUTE(VCBW,"AMR_",""),"EVS_",""),"SO3_",""),"SO68_",""),"SO73_",""),$M$3:$O$57,ROW(B47)-ROW($M$3)+1,FALSE)&IF(ISBLANK(HLOOKUP(SUBSTITUTE(SUBSTITUTE(SUBSTITUTE(SUBSTITUTE(SUBSTITUTE(VCBW,"AMR_",""),"EVS_",""),"SO3_",""),"SO68_",""),"SO73_",""),$P$3:$R$57,ROW(B47)-ROW($P$3)+1,FALSE)), ""," / "&HLOOKUP(SUBSTITUTE(SUBSTITUTE(SUBSTITUTE(SUBSTITUTE(SUBSTITUTE(VCBW,"AMR_",""),"EVS_",""),"SO3_",""),"SO68_",""),"SO73_",""),$P$3:$R$57,ROW(B47)-ROW($P$3)+1,FALSE)) -> 5.11.3 / 7.12.2 | D47: Crossroads | E47: =HLOOKUP(IF(OR("GSM"=Network,"WCDMA"=Network),"UMTS",IF(OR("VoLTE"=Network,"VoNR"=Network,"VoWiFi"=Network),"VoIMS",Network))&" "&VCBW,$T$3:$AF$57,ROW(E47)-ROW($T$3)+1,FALSE) -> 2.4 | F47: =HLOOKUP(IF(OR("GSM"=Network,"WCDMA"=Network),"UMTS",IF(OR("VoLTE"=Network,"VoNR"=Network,"VoWiFi"=Network),"VoIMS",Network))&" "&VCBW,$AG$3:$AS$57,ROW(E47)-ROW($AG$3)+1,FALSE) -> 5 | G47: N/A | H47: 2 | M47: 5.11.3 | N47: 6.10.3 | O47: 7.10.3 | P47: 7.12.2 | Q47: 8.12.2 | R47: 9.12.2 | T47: 2.4 | U47: 2.4 | V47: 2.4 | W47: 2.4 | X47: 2.4 | Y47: 2.4 | Z47: 2.4 | AA47: 2.4 | AB47: 2.4 | AC47: 2.4 | AD47: 2.4 | AE47: 2.4 | AF47: 2.4 | AG47: 5 | AH47: 5 | AI47: 5 | AJ47: 5 | AK47: 5 | AL47: 5 | AM47: 5 | AN47: 5 | AO47: 5 | AP47: 5 | AQ47: 5 | AR47: 5 | AS47: 5
B48: =HLOOKUP(SUBSTITUTE(SUBSTITUTE(SUBSTITUTE(SUBSTITUTE(SUBSTITUTE(VCBW,"AMR_",""),"EVS_",""),"SO3_",""),"SO68_",""),"SO73_",""),$M$3:$O$57,ROW(B48)-ROW($M$3)+1,FALSE)&IF(ISBLANK(HLOOKUP(SUBSTITUTE(SUBSTITUTE(SUBSTITUTE(SUBSTITUTE(SUBSTITUTE(VCBW,"AMR_",""),"EVS_",""),"SO3_",""),"SO68_",""),"SO73_",""),$P$3:$R$57,ROW(B48)-ROW($P$3)+1,FALSE)), ""," / "&HLOOKUP(SUBSTITUTE(SUBSTITUTE(SUBSTITUTE(SUBSTITUTE(SUBSTITUTE(VCBW,"AMR_",""),"EVS_",""),"SO3_",""),"SO68_",""),"SO73_",""),$P$3:$R$57,ROW(B48)-ROW($P$3)+1,FALSE)) -> 5.11.3 / 7.12.2 | D48: Train | E48: =HLOOKUP(IF(OR("GSM"=Network,"WCDMA"=Network),"UMTS",IF(OR("VoLTE"=Network,"VoNR"=Network,"VoWiFi"=Network),"VoIMS",Network))&" "&VCBW,$T$3:$AF$57,ROW(E48)-ROW($T$3)+1,FALSE) -> 2.4 | F48: =HLOOKUP(IF(OR("GSM"=Network,"WCDMA"=Network),"UMTS",IF(OR("VoLTE"=Network,"VoNR"=Network,"VoWiFi"=Network),"VoIMS",Network))&" "&VCBW,$AG$3:$AS$57,ROW(E48)-ROW($AG$3)+1,FALSE) -> 5 | G48: N/A | H48: 2 | M48: 5.11.3 | N48: 6.10.3 | O48: 7.10.3 | P48: 7.12.2 | Q48: 8.12.2 | R48: 9.12.2 | T48: 2.4 | U48: 2.4 | V48: 2.4 | W48: 2.4 | X48: 2.4 | Y48: 2.4 | Z48: 2.4 | AA48: 2.4 | AB48: 2.4 | AC48: 2.4 | AD48: 2.4 | AE48: 2.4 | AF48: 2.4 | AG48: 5 | AH48: 5 | AI48: 5 | AJ48: 5 | AK48: 5 | AL48: 5 | AM48: 5 | AN48: 5 | AO48: 5 | AP48: 5 | AQ48: 5 | AR48: 5 | AS48: 5
B49: =HLOOKUP(SUBSTITUTE(SUBSTITUTE(SUBSTITUTE(SUBSTITUTE(SUBSTITUTE(VCBW,"AMR_",""),"EVS_",""),"SO3_",""),"SO68_",""),"SO73_",""),$M$3:$O$57,ROW(B49)-ROW($M$3)+1,FALSE)&IF(ISBLANK(HLOOKUP(SUBSTITUTE(SUBSTITUTE(SUBSTITUTE(SUBSTITUTE(SUBSTITUTE(VCBW,"AMR_",""),"EVS_",""),"SO3_",""),"SO68_",""),"SO73_",""),$P$3:$R$57,ROW(B49)-ROW($P$3)+1,FALSE)), ""," / "&HLOOKUP(SUBSTITUTE(SUBSTITUTE(SUBSTITUTE(SUBSTITUTE(SUBSTITUTE(VCBW,"AMR_",""),"EVS_",""),"SO3_",""),"SO68_",""),"SO73_",""),$P$3:$R$57,ROW(B49)-ROW($P$3)+1,FALSE)) -> 5.11.3 / 7.12.2 | D49: Car | E49: =HLOOKUP(IF(OR("GSM"=Network,"WCDMA"=Network),"UMTS",IF(OR("VoLTE"=Network,"VoNR"=Network,"VoWiFi"=Network),"VoIMS",Network))&" "&VCBW,$T$3:$AF$57,ROW(E49)-ROW($T$3)+1,FALSE) -> 2.4 | F49: =HLOOKUP(IF(OR("GSM"=Network,"WCDMA"=Network),"UMTS",IF(OR("VoLTE"=Network,"VoNR"=Network,"VoWiFi"=Network),"VoIMS",Network))&" "&VCBW,$AG$3:$AS$57,ROW(E49)-ROW($AG$3)+1,FALSE) -> 5 | G49: N/A | H49: 2 | M49: 5.11.3 | N49: 6.10.3 | O49: 7.10.3 | P49: 7.12.2 | Q49: 8.12.2 | R49: 9.12.2 | T49: 2.4 | U49: 2.4 | V49: 2.4 | W49: 2.4 | X49: 2.4 | Y49: 2.4 | Z49: 2.4 | AA49: 2.4 | AB49: 2.4 | AC49: 2.4 | AD49: 2.4 | AE49: 2.4 | AF49: 2.4 | AG49: 5 | AH49: 5 | AI49: 5 | AJ49: 5 | AK49: 5 | AL49: 5 | AM49: 5 | AN49: 5 | AO49: 5 | AP49: 5 | AQ49: 5 | AR49: 5 | AS49: 5
B50: =HLOOKUP(SUBSTITUTE(SUBSTITUTE(SUBSTITUTE(SUBSTITUTE(SUBSTITUTE(VCBW,"AMR_",""),"EVS_",""),"SO3_",""),"SO68_",""),"SO73_",""),$M$3:$O$57,ROW(B50)-ROW($M$3)+1,FALSE)&IF(ISBLANK(HLOOKUP(SUBSTITUTE(SUBSTITUTE(SUBSTITUTE(SUBSTITUTE(SUBSTITUTE(VCBW,"AMR_",""),"EVS_",""),"SO3_",""),"SO68_",""),"SO73_",""),$P$3:$R$57,ROW(B50)-ROW($P$3)+1,FALSE)), ""," / "&HLOOKUP(SUBSTITUTE(SUBSTITUTE(SUBSTITUTE(SUBSTITUTE(SUBSTITUTE(VCBW,"AMR_",""),"EVS_",""),"SO3_",""),"SO68_",""),"SO73_",""),$P$3:$R$57,ROW(B50)-ROW($P$3)+1,FALSE)) -> 5.11.3 / 7.12.2 | D50: Cafeteria | E50: =HLOOKUP(IF(OR("GSM"=Network,"WCDMA"=Network),"UMTS",IF(OR("VoLTE"=Network,"VoNR"=Network,"VoWiFi"=Network),"VoIMS",Network))&" "&VCBW,$T$3:$AF$57,ROW(E50)-ROW($T$3)+1,FALSE) -> 2.4 | F50: =HLOOKUP(IF(OR("GSM"=Network,"WCDMA"=Network),"UMTS",IF(OR("VoLTE"=Network,"VoNR"=Network,"VoWiFi"=Network),"VoIMS",Network))&" "&VCBW,$AG$3:$AS$57,ROW(E50)-ROW($AG$3)+1,FALSE) -> 5 | G50: N/A | H50: 2 | M50: 5.11.3 | N50: 6.10.3 | O50: 7.10.3 | P50: 7.12.2 | Q50: 8.12.2 | R50: 9.12.2 | T50: 2.4 | U50: 2.4 | V50: 2.4 | W50: 2.4 | X50: 2.4 | Y50: 2.4 | Z50: 2.4 | AA50: 2.4 | AB50: 2.4 | AC50: 2.4 | AD50: 2.4 | AE50: 2.4 | AF50: 2.4 | AG50: 5 | AH50: 5 | AI50: 5 | AJ50: 5 | AK50: 5 | AL50: 5 | AM50: 5 | AN50: 5 | AO50: 5 | AP50: 5 | AQ50: 5 | AR50: 5 | AS50: 5
B51: =HLOOKUP(SUBSTITUTE(SUBSTITUTE(SUBSTITUTE(SUBSTITUTE(SUBSTITUTE(VCBW,"AMR_",""),"EVS_",""),"SO3_",""),"SO68_",""),"SO73_",""),$M$3:$O$57,ROW(B51)-ROW($M$3)+1,FALSE)&IF(ISBLANK(HLOOKUP(SUBSTITUTE(SUBSTITUTE(SUBSTITUTE(SUBSTITUTE(SUBSTITUTE(VCBW,"AMR_",""),"EVS_",""),"SO3_",""),"SO68_",""),"SO73_",""),$P$3:$R$57,ROW(B51)-ROW($P$3)+1,FALSE)), ""," / "&HLOOKUP(SUBSTITUTE(SUBSTITUTE(SUBSTITUTE(SUBSTITUTE(SUBSTITUTE(VCBW,"AMR_",""),"EVS_",""),"SO3_",""),"SO68_",""),"SO73_",""),$P$3:$R$57,ROW(B51)-ROW($P$3)+1,FALSE)) -> 5.11.3 / 7.12.2 | D51: Mensa | E51: =HLOOKUP(IF(OR("GSM"=Network,"WCDMA"=Network),"UMTS",IF(OR("VoLTE"=Network,"VoNR"=Network,"VoWiFi"=Network),"VoIMS",Network))&" "&VCBW,$T$3:$AF$57,ROW(E51)-ROW($T$3)+1,FALSE) -> 2.8 | F51: =HLOOKUP(IF(OR("GSM"=Network,"WCDMA"=Network),"UMTS",IF(OR("VoLTE"=Network,"VoNR"=Network,"VoWiFi"=Network),"VoIMS",Network))&" "&VCBW,$AG$3:$AS$57,ROW(E51)-ROW($AG$3)+1,FALSE) -> 5 | G51: N/A | H51: 2 | M51: 5.11.3 | N51: 6.10.3 | O51: 7.10.3 | P51: 7.12.2 | Q51: 8.12.2 | R51: 9.12.2 | T51: 2.8 | U51: 2.8 | V51: 2.8 | W51: 2.8 | X51: 2.8 | Y51: 2.8 | Z51: 2.8 | AA51: 2.8 | AB51: 2.8 | AC51: 2.8 | AD51: 2.8 | AE51: 2.8 | AF51: 2.8 | AG51: 5 | AH51: 5 | AI51: 5 | AJ51: 5 | AK51: 5 | AL51: 5 | AM51: 5 | AN51: 5 | AO51: 5 | AP51: 5 | AQ51: 5 | AR51: 5 | AS51: 5
B52: =HLOOKUP(SUBSTITUTE(SUBSTITUTE(SUBSTITUTE(SUBSTITUTE(SUBSTITUTE(VCBW,"AMR_",""),"EVS_",""),"SO3_",""),"SO68_",""),"SO73_",""),$M$3:$O$57,ROW(B52)-ROW($M$3)+1,FALSE)&IF(ISBLANK(HLOOKUP(SUBSTITUTE(SUBSTITUTE(SUBSTITUTE(SUBSTITUTE(SUBSTITUTE(VCBW,"AMR_",""),"EVS_",""),"SO3_",""),"SO68_",""),"SO73_",""),$P$3:$R$57,ROW(B52)-ROW($P$3)+1,FALSE)), ""," / "&HLOOKUP(SUBSTITUTE(SUBSTITUTE(SUBSTITUTE(SUBSTITUTE(SUBSTITUTE(VCBW,"AMR_",""),"EVS_",""),"SO3_",""),"SO68_",""),"SO73_",""),$P$3:$R$57,ROW(B52)-ROW($P$3)+1,FALSE)) -> 5.11.3 / 7.12.2 | D52: Callcenter | E52: =HLOOKUP(IF(OR("GSM"=Network,"WCDMA"=Network),"UMTS",IF(OR("VoLTE"=Network,"VoNR"=Network,"VoWiFi"=Network),"VoIMS",Network))&" "&VCBW,$T$3:$AF$57,ROW(E52)-ROW($T$3)+1,FALSE) -> 2.8 | F52: =HLOOKUP(IF(OR("GSM"=Network,"WCDMA"=Network),"UMTS",IF(OR("VoLTE"=Network,"VoNR"=Network,"VoWiFi"=Network),"VoIMS",Network))&" "&VCBW,$AG$3:$AS$57,ROW(E52)-ROW($AG$3)+1,FALSE) -> 5 | G52: N/A | H52: 2 | M52: 5.11.3 | N52: 6.10.3 | O52: 7.10.3 | P52: 7.12.2 | Q52: 8.12.2 | R52: 9.12.2 | T52: 2.8 | U52: 2.8 | V52: 2.8 | W52: 2.8 | X52: 2.8 | Y52: 2.8 | Z52: 2.8 | AA52: 2.8 | AB52: 2.8 | AC52: 2.8 | AD52: 2.8 | AE52: 2.8 | AF52: 2.8 | AG52: 5 | AH52: 5 | AI52: 5 | AJ52: 5 | AK52: 5 | AL52: 5 | AM52: 5 | AN52: 5 | AO52: 5 | AP52: 5 | AQ52: 5 | AR52: 5 | AS52: 5
A53: POLQA MOS | M53: NB | N53: WB | O53: SWB | P53: NB | Q53: WB | R53: SWB | T53: AMR_NB | U53: AMR_WB | V53: AMR_NB | W53: AMR_WB | X53: EVS_NB | Y53: EVS_WB | Z53: EVS_SWB | AA53: SO3_NB | AB53: SO68_NB | AC53: SO73_NB | AD53: SO73_WB | AE53: WB | AF53: SWB | AG53: AMR_NB | AH53: AMR_WB | AI53: AMR_NB | AJ53: AMR_WB | AK53: EVS_NB | AL53: EVS_WB | AM53: EVS_SWB | AN53: SO3_NB | AO53: SO68_NB | AP53: SO73_NB | AQ53: SO73_WB | AR53: WB | AS53: SWB
A54: POLQA v3.0 (MOS-LQOf) (English, 4×8s Seq., Fullband mode) | B54: =HLOOKUP(SUBSTITUTE(SUBSTITUTE(SUBSTITUTE(SUBSTITUTE(SUBSTITUTE(VCBW,"AMR_",""),"EVS_",""),"SO3_",""),"SO68_",""),"SO73_",""),$M$3:$O$57,ROW(B54)-ROW($M$3)+1,FALSE)&IF(ISBLANK(HLOOKUP(SUBSTITUTE(SUBSTITUTE(SUBSTITUTE(SUBSTITUTE(SUBSTITUTE(VCBW,"AMR_",""),"EVS_",""),"SO3_",""),"SO68_",""),"SO73_",""),$P$3:$R$57,ROW(B54)-ROW($P$3)+1,FALSE)), ""," / "&HLOOKUP(SUBSTITUTE(SUBSTITUTE(SUBSTITUTE(SUBSTITUTE(SUBSTITUTE(VCBW,"AMR_",""),"EVS_",""),"SO3_",""),"SO68_",""),"SO73_",""),$P$3:$R$57,ROW(B54)-ROW($P$3)+1,FALSE)) -> P.863 | C54: Sending | E54: =HLOOKUP(IF(OR("GSM"=Network,"WCDMA"=Network),"UMTS",IF(OR("VoLTE"=Network,"VoNR"=Network,"VoWiFi"=Network),"VoIMS",Network))&" "&VCBW,$T$3:$AF$57,ROW(E54)-ROW($T$3)+1,FALSE) -> 2.7 | F54: =HLOOKUP(IF(OR("GSM"=Network,"WCDMA"=Network),"UMTS",IF(OR("VoLTE"=Network,"VoNR"=Network,"VoWiFi"=Network),"VoIMS",Network))&" "&VCBW,$AG$3:$AS$57,ROW(E54)-ROW($AG$3)+1,FALSE) -> 3.8 | G54: N/A | H54: 1 | M54: P.863 | N54: P.863 | O54: P.863 | T54: 2.7 | U54: 2.7 | V54: 2.7 | W54: 2.7 | X54: 2.7 | Y54: 2.7 | Z54: 2.7 | AA54: 2.7 | AB54: 2.7 | AC54: 2.7 | AD54: 2.7 | AE54: 2.7 | AF54: 2.7 | AG54: 3.8 | AH54: 4.5 | AI54: 3.8 | AJ54: 4.5 | AK54: 3.8 | AL54: 4.5 | AM54: 4.8 | AN54: 3.8 | AO54: 3.8 | AP54: 3.8 | AQ54: 4.5 | AR54: 4.5 | AS54: 4.8
B55: =HLOOKUP(SUBSTITUTE(SUBSTITUTE(SUBSTITUTE(SUBSTITUTE(SUBSTITUTE(VCBW,"AMR_",""),"EVS_",""),"SO3_",""),"SO68_",""),"SO73_",""),$M$3:$O$57,ROW(B55)-ROW($M$3)+1,FALSE)&IF(ISBLANK(HLOOKUP(SUBSTITUTE(SUBSTITUTE(SUBSTITUTE(SUBSTITUTE(SUBSTITUTE(VCBW,"AMR_",""),"EVS_",""),"SO3_",""),"SO68_",""),"SO73_",""),$P$3:$R$57,ROW(B55)-ROW($P$3)+1,FALSE)), ""," / "&HLOOKUP(SUBSTITUTE(SUBSTITUTE(SUBSTITUTE(SUBSTITUTE(SUBSTITUTE(VCBW,"AMR_",""),"EVS_",""),"SO3_",""),"SO68_",""),"SO73_",""),$P$3:$R$57,ROW(B55)-ROW($P$3)+1,FALSE)) -> P.863 | C55: Receiveing | D55: max. vol. | E55: =HLOOKUP(IF(OR("GSM"=Network,"WCDMA"=Network),"UMTS",IF(OR("VoLTE"=Network,"VoNR"=Network,"VoWiFi"=Network),"VoIMS",Network))&" "&VCBW,$T$3:$AF$57,ROW(E55)-ROW($T$3)+1,FALSE) -> 2.1 | F55: =HLOOKUP(IF(OR("GSM"=Network,"WCDMA"=Network),"UMTS",IF(OR("VoLTE"=Network,"VoNR"=Network,"VoWiFi"=Network),"VoIMS",Network))&" "&VCBW,$AG$3:$AS$57,ROW(E55)-ROW($AG$3)+1,FALSE) -> 3.8 | G55: N/A | H55: 1 | M55: P.863 | N55: P.863 | O55: P.863 | T55: 2.1 | U55: 2.2 | V55: 2.1 | W55: 2.2 | X55: 2.1 | Y55: 2.2 | Z55: 2.2 | AA55: 2.1 | AB55: 2.1 | AC55: 2.1 | AD55: 2.2 | AE55: 2.2 | AF55: 2.2 | AG55: 3.8 | AH55: 4.5 | AI55: 3.8 | AJ55: 4.5 | AK55: 3.8 | AL55: 4.5 | AM55: 4.8 | AN55: 3.8 | AO55: 3.8 | AP55: 3.8 | AQ55: 4.5 | AR55: 4.5 | AS55: 4.8
B56: =HLOOKUP(SUBSTITUTE(SUBSTITUTE(SUBSTITUTE(SUBSTITUTE(SUBSTITUTE(VCBW,"AMR_",""),"EVS_",""),"SO3_",""),"SO68_",""),"SO73_",""),$M$3:$O$57,ROW(B56)-ROW($M$3)+1,FALSE)&IF(ISBLANK(HLOOKUP(SUBSTITUTE(SUBSTITUTE(SUBSTITUTE(SUBSTITUTE(SUBSTITUTE(VCBW,"AMR_",""),"EVS_",""),"SO3_",""),"SO68_",""),"SO73_",""),$P$3:$R$57,ROW(B56)-ROW($P$3)+1,FALSE)), ""," / "&HLOOKUP(SUBSTITUTE(SUBSTITUTE(SUBSTITUTE(SUBSTITUTE(SUBSTITUTE(VCBW,"AMR_",""),"EVS_",""),"SO3_",""),"SO68_",""),"SO73_",""),$P$3:$R$57,ROW(B56)-ROW($P$3)+1,FALSE)) -> P.863 | D56: nom. vol. | E56: =HLOOKUP(IF(OR("GSM"=Network,"WCDMA"=Network),"UMTS",IF(OR("VoLTE"=Network,"VoNR"=Network,"VoWiFi"=Network),"VoIMS",Network))&" "&VCBW,$T$3:$AF$57,ROW(E56)-ROW($T$3)+1,FALSE) -> 2.1 | F56: =HLOOKUP(IF(OR("GSM"=Network,"WCDMA"=Network),"UMTS",IF(OR("VoLTE"=Network,"VoNR"=Network,"VoWiFi"=Network),"VoIMS",Network))&" "&VCBW,$AG$3:$AS$57,ROW(E56)-ROW($AG$3)+1,FALSE) -> 3.8 | G56: N/A | H56: 1 | M56: P.863 | N56: P.863 | O56: P.863 | T56: 2.1 | U56: 2.2 | V56: 2.1 | W56: 2.2 | X56: 2.1 | Y56: 2.2 | Z56: 2.2 | AA56: 2.1 | AB56: 2.1 | AC56: 2.1 | AD56: 2.2 | AE56: 2.2 | AF56: 2.2 | AG56: 3.8 | AH56: 4.5 | AI56: 3.8 | AJ56: 4.5 | AK56: 3.8 | AL56: 4.5 | AM56: 4.8 | AN56: 3.8 | AO56: 3.8 | AP56: 3.8 | AQ56: 4.5 | AR56: 4.5 | AS56: 4.8
B57: =HLOOKUP(SUBSTITUTE(SUBSTITUTE(SUBSTITUTE(SUBSTITUTE(SUBSTITUTE(VCBW,"AMR_",""),"EVS_",""),"SO3_",""),"SO68_",""),"SO73_",""),$M$3:$O$57,ROW(B57)-ROW($M$3)+1,FALSE)&IF(ISBLANK(HLOOKUP(SUBSTITUTE(SUBSTITUTE(SUBSTITUTE(SUBSTITUTE(SUBSTITUTE(VCBW,"AMR_",""),"EVS_",""),"SO3_",""),"SO68_",""),"SO73_",""),$P$3:$R$57,ROW(B57)-ROW($P$3)+1,FALSE)), ""," / "&HLOOKUP(SUBSTITUTE(SUBSTITUTE(SUBSTITUTE(SUBSTITUTE(SUBSTITUTE(VCBW,"AMR_",""),"EVS_",""),"SO3_",""),"SO68_",""),"SO73_",""),$P$3:$R$57,ROW(B57)-ROW($P$3)+1,FALSE)) -> P.863 | D57: min. vol. | E57: =HLOOKUP(IF(OR("GSM"=Network,"WCDMA"=Network),"UMTS",IF(OR("VoLTE"=Network,"VoNR"=Network,"VoWiFi"=Network),"VoIMS",Network))&" "&VCBW,$T$3:$AF$57,ROW(E57)-ROW($T$3)+1,FALSE) -> 2.1 | F57: =HLOOKUP(IF(OR("GSM"=Network,"WCDMA"=Network),"UMTS",IF(OR("VoLTE"=Network,"VoNR"=Network,"VoWiFi"=Network),"VoIMS",Network))&" "&VCBW,$AG$3:$AS$57,ROW(E57)-ROW($AG$3)+1,FALSE) -> 3.8 | G57: N/A | H57: 1 | M57: P.863 | N57: P.863 | O57: P.863 | T57: 2.1 | U57: 2.2 | V57: 2.1 | W57: 2.2 | X57: 2.1 | Y57: 2.2 | Z57: 2.2 | AA57: 2.1 | AB57: 2.1 | AC57: 2.1 | AD57: 2.2 | AE57: 2.2 | AF57: 2.2 | AG57: 3.8 | AH57: 4.5 | AI57: 3.8 | AJ57: 4.5 | AK57: 3.8 | AL57: 4.5 | AM57: 4.8 | AN57: 3.8 | AO57: 3.8 | AP57: 3.8 | AQ57: 4.5 | AR57: 4.5 | AS57: 4.8

Sheet Headset
A1: Voice Tuning Checklist - Headset
A3: Test Condition | E3: Criteria | I3: =Report!B15 -> VoLTE | J3: =Report!C15 -> AMR_NB | K3: =Report!D15 -> 12.2kbit/s | M3: NB | N3: WB | O3: SWB | P3: NB | Q3: WB | R3: SWB | T3: UMTS AMR_NB | U3: UMTS AMR_WB | V3: VoIMS AMR_NB | W3: VoIMS AMR_WB | X3: VoIMS EVS_NB | Y3: VoIMS EVS_WB | Z3: VoIMS EVS_SWB | AA3: CDMA SO3_NB | AB3: CDMA SO68_NB | AC3: CDMA SO73_NB | AD3: CDMA SO73_WB | AE3: VoIP WB | AF3: VoIP SWB | AG3: UMTS AMR_NB | AH3: UMTS AMR_WB | AI3: VoIMS AMR_NB | AJ3: VoIMS AMR_WB | AK3: VoIMS EVS_NB | AL3: VoIMS EVS_WB | AM3: VoIMS EVS_SWB | AN3: CDMA SO3_NB | AO3: CDMA SO68_NB | AP3: CDMA SO73_NB | AQ3: CDMA SO73_WB | AR3: VoIP WB | AS3: VoIP SWB
A4: Item | B4: Standard | C4: Subitem | D4: Settings | E4: lower | F4: upper | G4: unit | H4: type | I4: =IF(ISBLANK(Report!B8),"",ISBLANK(Report!B8)) | J4: =IF(ISBLANK(Report!C8),"",ISBLANK(Report!C8)) | K4: =IF(ISBLANK(Report!D8),"",ISBLANK(Report!D8))
A5: 3GPP TS126.132 | M5: NB | N5: WB | O5: SWB | P5: NB | Q5: WB | R5: SWB | T5: AMR_NB | U5: AMR_WB | V5: AMR_NB | W5: AMR_WB | X5: EVS_NB | Y5: EVS_WB | Z5: EVS_SWB | AA5: SO3_NB | AB5: SO68_NB | AC5: SO73_NB | AD5: SO73_WB | AE5: WB | AF5: SWB | AG5: AMR_NB | AH5: AMR_WB | AI5: AMR_NB | AJ5: AMR_WB | AK5: EVS_NB | AL5: EVS_WB | AM5: EVS_SWB | AN5: SO3_NB | AO5: SO68_NB | AP5: SO73_NB | AQ5: SO73_WB | AR5: WB | AS5: SWB
A6: Overall loss/loudness ratings | B6: =HLOOKUP(SUBSTITUTE(SUBSTITUTE(SUBSTITUTE(SUBSTITUTE(SUBSTITUTE(VCBW,"AMR_",""),"EVS_",""),"SO3_",""),"SO68_",""),"SO73_",""),$M$3:$O$50,ROW(B6)-ROW($M$3)+1,FALSE)&IF(ISBLANK(HLOOKUP(SUBSTITUTE(SUBSTITUTE(SUBSTITUTE(SUBSTITUTE(SUBSTITUTE(VCBW,"AMR_",""),"EVS_",""),"SO3_",""),"SO68_",""),"SO73_",""),$P$3:$R$50,ROW(B6)-ROW($P$3)+1,FALSE)), ""," / "&HLOOKUP(SUBSTITUTE(SUBSTITUTE(SUBSTITUTE(SUBSTITUTE(SUBSTITUTE(VCBW,"AMR_",""),"EVS_",""),"SO3_",""),"SO68_",""),"SO73_",""),$P$3:$R$50,ROW(B6)-ROW($P$3)+1,FALSE)) -> 5.2.5 / 7.2.2.1 | C6: Sending (SLR) | E6: =HLOOKUP(IF(OR("GSM"=Network,"WCDMA"=Network),"UMTS",IF(OR("VoLTE"=Network,"VoNR"=Network,"VoWiFi"=Network),"VoIMS",Network))&" "&VCBW,$T$3:$AF$50,ROW(E6)-ROW($T$3)+1,FALSE) -> 5 | F6: =HLOOKUP(IF(OR("GSM"=Network,"WCDMA"=Network),"UMTS",IF(OR("VoLTE"=Network,"VoNR"=Network,"VoWiFi"=Network),"VoIMS",Network))&" "&VCBW,$AG$3:$AS$50,ROW(E6)-ROW($AG$3)+1,FALSE) -> 11 | G6: dB | H6: 1 | J6: × | K6: × | M6: 5.2.5 | N6: 6.2.5 | O6: 7.2.5 | P6: 7.2.2.1 | Q6: 8.2.2.1 | R6: 9.2.2.1 | T6: 5 | U6: 5 | V6: 5 | W6: 5 | X6: 5 | Y6: 5 | Z6: 5 | AA6: 5 | AB6: 5 | AC6: 5 | AD6: 5 | AE6: 5 | AF6: 5 | AG6: 11 | AH6: 11 | AI6: 11 | AJ6: 11 | AK6: 11 | AL6: 11 | AM6: 11 | AN6: 11 | AO6: 11 | AP6: 11 | AQ6: 11 | AR6: 11 | AS6: 11
B7: =HLOOKUP(SUBSTITUTE(SUBSTITUTE(SUBSTITUTE(SUBSTITUTE(SUBSTITUTE(VCBW,"AMR_",""),"EVS_",""),"SO3_",""),"SO68_",""),"SO73_",""),$M$3:$O$50,ROW(B7)-ROW($M$3)+1,FALSE)&IF(ISBLANK(HLOOKUP(SUBSTITUTE(SUBSTITUTE(SUBSTITUTE(SUBSTITUTE(SUBSTITUTE(VCBW,"AMR_",""),"EVS_",""),"SO3_",""),"SO68_",""),"SO73_",""),$P$3:$R$50,ROW(B7)-ROW($P$3)+1,FALSE)), ""," / "&HLOOKUP(SUBSTITUTE(SUBSTITUTE(SUBSTITUTE(SUBSTITUTE(SUBSTITUTE(VCBW,"AMR_",""),"EVS_",""),"SO3_",""),"SO68_",""),"SO73_",""),$P$3:$R$50,ROW(B7)-ROW($P$3)+1,FALSE)) -> 5.2.5 / 7.2.2.2 | C7: Receiving (RLR) | D7: max vol. | E7: =HLOOKUP(IF(OR("GSM"=Network,"WCDMA"=Network),"UMTS",IF(OR("VoLTE"=Network,"VoNR"=Network,"VoWiFi"=Network),"VoIMS",Network))&" "&VCBW,$T$3:$AF$50,ROW(E7)-ROW($T$3)+1,FALSE) -> -7 | F7: =HLOOKUP(IF(OR("GSM"=Network,"WCDMA"=Network),"UMTS",IF(OR("VoLTE"=Network,"VoNR"=Network,"VoWiFi"=Network),"VoIMS",Network))&" "&VCBW,$AG$3:$AS$50,ROW(E7)-ROW($AG$3)+1,FALSE) -> -3 | G7: dB | H7: 1 | J7: × | K7: × | M7: 5.2.5 | N7: 6.2.5 | O7: 7.2.5 | P7: 7.2.2.2 | Q7: 8.2.2.2 | R7: 9.2.2.2 | T7: -7 | U7: -7 | V7: -7 | W7: -7 | X7: -7 | Y7: -7 | Z7: -7 | AA7: -7 | AB7: -7 | AC7: -7 | AD7: -7 | AE7: -7 | AF7: -7 | AG7: -3 | AH7: -3 | AI7: -3 | AJ7: -3 | AK7: -3 | AL7: -3 | AM7: -3 | AN7: -3 | AO7: -3 | AP7: -3 | AQ7: -3 | AR7: -3 | AS7: -3
B8: =HLOOKUP(SUBSTITUTE(SUBSTITUTE(SUBSTITUTE(SUBSTITUTE(SUBSTITUTE(VCBW,"AMR_",""),"EVS_",""),"SO3_",""),"SO68_",""),"SO73_",""),$M$3:$O$50,ROW(B8)-ROW($M$3)+1,FALSE)&IF(ISBLANK(HLOOKUP(SUBSTITUTE(SUBSTITUTE(SUBSTITUTE(SUBSTITUTE(SUBSTITUTE(VCBW,"AMR_",""),"EVS_",""),"SO3_",""),"SO68_",""),"SO73_",""),$P$3:$R$50,ROW(B8)-ROW($P$3)+1,FALSE)), ""," / "&HLOOKUP(SUBSTITUTE(SUBSTITUTE(SUBSTITUTE(SUBSTITUTE(SUBSTITUTE(VCBW,"AMR_",""),"EVS_",""),"SO3_",""),"SO68_",""),"SO73_",""),$P$3:$R$50,ROW(B8)-ROW($P$3)+1,FALSE)) -> 5.2.5 / 7.2.2.2 | D8: max-1 vol. | E8: =HLOOKUP(IF(OR("GSM"=Network,"WCDMA"=Network),"UMTS",IF(OR("VoLTE"=Network,"VoNR"=Network,"VoWiFi"=Network),"VoIMS",Network))&" "&VCBW,$T$3:$AF$50,ROW(E8)-ROW($T$3)+1,FALSE) -> -4 | F8: =HLOOKUP(IF(OR("GSM"=Network,"WCDMA"=Network),"UMTS",IF(OR("VoLTE"=Network,"VoNR"=Network,"VoWiFi"=Network),"VoIMS",Network))&" "&VCBW,$AG$3:$AS$50,ROW(E8)-ROW($AG$3)+1,FALSE) -> 2 | G8: dB | H8: 4 | J8: × | K8: × | M8: 5.2.5 | N8: 6.2.5 | O8: 7.2.5 | P8: 7.2.2.2 | Q8: 8.2.2.2 | R8: 9.2.2.2 | T8: -4 | U8: -4 | V8: -4 | W8: -4 | X8: -4 | Y8: -4 | Z8: -4 | AA8: -4 | AB8: -4 | AC8: -4 | AD8: -4 | AE8: -4 | AF8: -4 | AG8: 2 | AH8: 2 | AI8: 2 | AJ8: 2 | AK8: 2 | AL8: 2 | AM8: 2 | AN8: 2 | AO8: 2 | AP8: 2 | AQ8: 2 | AR8: 2 | AS8: 2
B9: =HLOOKUP(SUBSTITUTE(SUBSTITUTE(SUBSTITUTE(SUBSTITUTE(SUBSTITUTE(VCBW,"AMR_",""),"EVS_",""),"SO3_",""),"SO68_",""),"SO73_",""),$M$3:$O$50,ROW(B9)-ROW($M$3)+1,FALSE)&IF(ISBLANK(HLOOKUP(SUBSTITUTE(SUBSTITUTE(SUBSTITUTE(SUBSTITUTE(SUBSTITUTE(VCBW,"AMR_",""),"EVS_",""),"SO3_",""),"SO68_",""),"SO73_",""),$P$3:$R$50,ROW(B9)-ROW($P$3)+1,FALSE)), ""," / "&HLOOKUP(SUBSTITUTE(SUBSTITUTE(SUBSTITUTE(SUBSTITUTE(SUBSTITUTE(VCBW,"AMR_",""),"EVS_",""),"SO3_",""),"SO68_",""),"SO73_",""),$P$3:$R$50,ROW(B9)-ROW($P$3)+1,FALSE)) -> 5.2.5 / 7.2.2.2 | D9: max-2 vol. | E9: =HLOOKUP(IF(OR("GSM"=Network,"WCDMA"=Network),"UMTS",IF(OR("VoLTE"=Network,"VoNR"=Network,"VoWiFi"=Network),"VoIMS",Network))&" "&VCBW,$T$3:$AF$50,ROW(E9)-ROW($T$3)+1,FALSE) -> -1 | F9: =HLOOKUP(IF(OR("GSM"=Network,"WCDMA"=Network),"UMTS",IF(OR("VoLTE"=Network,"VoNR"=Network,"VoWiFi"=Network),"VoIMS",Network))&" "&VCBW,$AG$3:$AS$50,ROW(E9)-ROW($AG$3)+1,FALSE) -> 5 | G9: dB | H9: 4 | J9: × | K9: × | M9: 5.2.5 | N9: 6.2.5 | O9: 7.2.5 | P9: 7.2.2.2 | Q9: 8.2.2.2 | R9: 9.2.2.2 | T9: -1 | U9: -1 | V9: -1 | W9: -1 | X9: -1 | Y9: -1 | Z9: -1 | AA9: -1 | AB9: -1 | AC9: -1 | AD9: -1 | AE9: -1 | AF9: -1 | AG9: 5 | AH9: 5 | AI9: 5 | AJ9: 5 | AK9: 5 | AL9: 5 | AM9: 5 | AN9: 5 | AO9: 5 | AP9: 5 | AQ9: 5 | AR9: 5 | AS9: 5
B10: =HLOOKUP(SUBSTITUTE(SUBSTITUTE(SUBSTITUTE(SUBSTITUTE(SUBSTITUTE(VCBW,"AMR_",""),"EVS_",""),"SO3_",""),"SO68_",""),"SO73_",""),$M$3:$O$50,ROW(B10)-ROW($M$3)+1,FALSE)&IF(ISBLANK(HLOOKUP(SUBSTITUTE(SUBSTITUTE(SUBSTITUTE(SUBSTITUTE(SUBSTITUTE(VCBW,"AMR_",""),"EVS_",""),"SO3_",""),"SO68_",""),"SO73_",""),$P$3:$R$50,ROW(B10)-ROW($P$3)+1,FALSE)), ""," / "&HLOOKUP(SUBSTITUTE(SUBSTITUTE(SUBSTITUTE(SUBSTITUTE(SUBSTITUTE(VCBW,"AMR_",""),"EVS_",""),"SO3_",""),"SO68_",""),"SO73_",""),$P$3:$R$50,ROW(B10)-ROW($P$3)+1,FALSE)) -> 5.2.5 / 7.2.2.2 | D10: max-3 vol. | E10: =HLOOKUP(IF(OR("GSM"=Network,"WCDMA"=Network),"UMTS",IF(OR("VoLTE"=Network,"VoNR"=Network,"VoWiFi"=Network),"VoIMS",Network))&" "&VCBW,$T$3:$AF$50,ROW(E10)-ROW($T$3)+1,FALSE) -> 2 | F10: =HLOOKUP(IF(OR("GSM"=Network,"WCDMA"=Network),"UMTS",IF(OR("VoLTE"=Network,"VoNR"=Network,"VoWiFi"=Network),"VoIMS",Network))&" "&VCBW,$AG$3:$AS$50,ROW(E10)-ROW($AG$3)+1,FALSE) -> 8 | G10: dB | H10: 4 | J10: × | K10: × | M10: 5.2.5 | N10: 6.2.5 | O10: 7.2.5 | P10: 7.2.2.2 | Q10: 8.2.2.2 | R10: 9.2.2.2 | T10: 2 | U10: 2 | V10: 2 | W10: 2 | X10: 2 | Y10: 2 | Z10: 2 | AA10: 2 | AB10: 2 | AC10: 2 | AD10: 2 | AE10: 2 | AF10: 2 | AG10: 8 | AH10: 8 | AI10: 8 | AJ10: 8 | AK10: 8 | AL10: 8 | AM10: 8 | AN10: 8 | AO10: 8 | AP10: 8 | AQ10: 8 | AR10: 8 | AS10: 8
B11: =HLOOKUP(SUBSTITUTE(SUBSTITUTE(SUBSTITUTE(SUBSTITUTE(SUBSTITUTE(VCBW,"AMR_",""),"EVS_",""),"SO3_",""),"SO68_",""),"SO73_",""),$M$3:$O$50,ROW(B11)-ROW($M$3)+1,FALSE)&IF(ISBLANK(HLOOKUP(SUBSTITUTE(SUBSTITUTE(SUBSTITUTE(SUBSTITUTE(SUBSTITUTE(VCBW,"AMR_",""),"EVS_",""),"SO3_",""),"SO68_",""),"SO73_",""),$P$3:$R$50,ROW(B11)-ROW($P$3)+1,FALSE)), ""," / "&HLOOKUP(SUBSTITUTE(SUBSTITUTE(SUBSTITUTE(SUBSTITUTE(SUBSTITUTE(VCBW,"AMR_",""),"EVS_",""),"SO3_",""),"SO68_",""),"SO73_",""),$P$3:$R$50,ROW(B11)-ROW($P$3)+1,FALSE)) -> 5.2.5 / 7.2.2.2 | D11: max-4 (nom) vol. | E11: =HLOOKUP(IF(OR("GSM"=Network,"WCDMA"=Network),"UMTS",IF(OR("VoLTE"=Network,"VoNR"=Network,"VoWiFi"=Network),"VoIMS",Network))&" "&VCBW,$T$3:$AF$50,ROW(E11)-ROW($T$3)+1,FALSE) -> 5 | F11: =HLOOKUP(IF(OR("GSM"=Network,"WCDMA"=Network),"UMTS",IF(OR("VoLTE"=Network,"VoNR"=Network,"VoWiFi"=Network),"VoIMS",Network))&" "&VCBW,$AG$3:$AS$50,ROW(E11)-ROW($AG$3)+1,FALSE) -> 11 | G11: dB | H11: 1 | J11: × | K11: × | M11: 5.2.5 | N11: 6.2.5 | O11: 7.2.5 | P11: 7.2.2.2 | Q11: 8.2.2.2 | R11: 9.2.2.2 | T11: 5 | U11: 5 | V11: 5 | W11: 5 | X11: 5 | Y11: 5 | Z11: 5 | AA11: 5 | AB11: 5 | AC11: 5 | AD11: 5 | AE11: 5 | AF11: 5 | AG11: 11 | AH11: 11 | AI11: 11 | AJ11: 11 | AK11: 11 | AL11: 11 | AM11: 11 | AN11: 11 | AO11: 11 | AP11: 11 | AQ11: 11 | AR11: 11 | AS11: 11
B12: =HLOOKUP(SUBSTITUTE(SUBSTITUTE(SUBSTITUTE(SUBSTITUTE(SUBSTITUTE(VCBW,"AMR_",""),"EVS_",""),"SO3_",""),"SO68_",""),"SO73_",""),$M$3:$O$50,ROW(B12)-ROW($M$3)+1,FALSE)&IF(ISBLANK(HLOOKUP(SUBSTITUTE(SUBSTITUTE(SUBSTITUTE(SUBSTITUTE(SUBSTITUTE(VCBW,"AMR_",""),"EVS_",""),"SO3_",""),"SO68_",""),"SO73_",""),$P$3:$R$50,ROW(B12)-ROW($P$3)+1,FALSE)), ""," / "&HLOOKUP(SUBSTITUTE(SUBSTITUTE(SUBSTITUTE(SUBSTITUTE(SUBSTITUTE(VCBW,"AMR_",""),"EVS_",""),"SO3_",""),"SO68_",""),"SO73_",""),$P$3:$R$50,ROW(B12)-ROW($P$3)+1,FALSE)) -> 5.2.5 / 7.2.2.2 | D12: max-5 vol. | E12: =HLOOKUP(IF(OR("GSM"=Network,"WCDMA"=Network),"UMTS",IF(OR("VoLTE"=Network,"VoNR"=Network,"VoWiFi"=Network),"VoIMS",Network))&" "&VCBW,$T$3:$AF$50,ROW(E12)-ROW($T$3)+1,FALSE) -> 8 | F12: =HLOOKUP(IF(OR("GSM"=Network,"WCDMA"=Network),"UMTS",IF(OR("VoLTE"=Network,"VoNR"=Network,"VoWiFi"=Network),"VoIMS",Network))&" "&VCBW,$AG$3:$AS$50,ROW(E12)-ROW($AG$3)+1,FALSE) -> 18 | G12: dB | H12: 4 | J12: × | K12: × | M12: 5.2.5 | N12: 6.2.5 | O12: 7.2.5 | P12: 7.2.2.2 | Q12: 8.2.2.2 | R12: 9.2.2.2 | T12: 8 | U12: 8 | V12: 8 | W12: 8 | X12: 8 | Y12: 8 | Z12: 8 | AA12: 8 | AB12: 8 | AC12: 8 | AD12: 8 | AE12: 8 | AF12: 8 | AG12: 18 | AH12: 18 | AI12: 18 | AJ12: 18 | AK12: 18 | AL12: 18 | AM12: 18 | AN12: 18 | AO12: 18 | AP12: 18 | AQ12: 18 | AR12: 18 | AS12: 18
B13: =HLOOKUP(SUBSTITUTE(SUBSTITUTE(SUBSTITUTE(SUBSTITUTE(SUBSTITUTE(VCBW,"AMR_",""),"EVS_",""),"SO3_",""),"SO68_",""),"SO73_",""),$M$3:$O$50,ROW(B13)-ROW($M$3)+1,FALSE)&IF(ISBLANK(HLOOKUP(SUBSTITUTE(SUBSTITUTE(SUBSTITUTE(SUBSTITUTE(SUBSTITUTE(VCBW,"AMR_",""),"EVS_",""),"SO3_",""),"SO68_",""),"SO73_",""),$P$3:$R$50,ROW(B13)-ROW($P$3)+1,FALSE)), ""," / "&HLOOKUP(SUBSTITUTE(SUBSTITUTE(SUBSTITUTE(SUBSTITUTE(SUBSTITUTE(VCBW,"AMR_",""),"EVS_",""),"SO3_",""),"SO68_",""),"SO73_",""),$P$3:$R$50,ROW(B13)-ROW($P$3)+1,FALSE)) -> 5.2.5 / 7.2.2.2 | D13: max-6 vol. | E13: =HLOOKUP(IF(OR("GSM"=Network,"WCDMA"=Network),"UMTS",IF(OR("VoLTE"=Network,"VoNR"=Network,"VoWiFi"=Network),"VoIMS",Network))&" "&VCBW,$T$3:$AF$50,ROW(E13)-ROW($T$3)+1,FALSE) -> 11 | F13: =HLOOKUP(IF(OR("GSM"=Network,"WCDMA"=Network),"UMTS",IF(OR("VoLTE"=Network,"VoNR"=Network,"VoWiFi"=Network),"VoIMS",Network))&" "&VCBW,$AG$3:$AS$50,ROW(E13)-ROW($AG$3)+1,FALSE) -> 21 | G13: dB | H13: 4 | J13: × | K13: × | M13: 5.2.5 | N13: 6.2.5 | O13: 7.2.5 | P13: 7.2.2.2 | Q13: 8.2.2.2 | R13: 9.2.2.2 | T13: 11 | U13: 11 | V13: 11 | W13: 11 | X13: 11 | Y13: 11 | Z13: 11 | AA13: 11 | AB13: 11 | AC13: 11 | AD13: 11 | AE13: 11 | AF13: 11 | AG13: 21 | AH13: 21 | AI13: 21 | AJ13: 21 | AK13: 21 | AL13: 21 | AM13: 21 | AN13: 21 | AO13: 21 | AP13: 21 | AQ13: 21 | AR13: 21 | AS13: 21
B14: =HLOOKUP(SUBSTITUTE(SUBSTITUTE(SUBSTITUTE(SUBSTITUTE(SUBSTITUTE(VCBW,"AMR_",""),"EVS_",""),"SO3_",""),"SO68_",""),"SO73_",""),$M$3:$O$50,ROW(B14)-ROW($M$3)+1,FALSE)&IF(ISBLANK(HLOOKUP(SUBSTITUTE(SUBSTITUTE(SUBSTITUTE(SUBSTITUTE(SUBSTITUTE(VCBW,"AMR_",""),"EVS_",""),"SO3_",""),"SO68_",""),"SO73_",""),$P$3:$R$50,ROW(B14)-ROW($P$3)+1,FALSE)), ""," / "&HLOOKUP(SUBSTITUTE(SUBSTITUTE(SUBSTITUTE(SUBSTITUTE(SUBSTITUTE(VCBW,"AMR_",""),"EVS_",""),"SO3_",""),"SO68_",""),"SO73_",""),$P$3:$R$50,ROW(B14)-ROW($P$3)+1,FALSE)) -> 5.2.5 / 7.2.2.2 | D14: max-7 (min) vol. | E14: =HLOOKUP(IF(OR("GSM"=Network,"WCDMA"=Network),"UMTS",IF(OR("VoLTE"=Network,"VoNR"=Network,"VoWiFi"=Network),"VoIMS",Network))&" "&VCBW,$T$3:$AF$50,ROW(E14)-ROW($T$3)+1,FALSE) -> 14 | F14: =HLOOKUP(IF(OR("GSM"=Network,"WCDMA"=Network),"UMTS",IF(OR("VoLTE"=Network,"VoNR"=Network,"VoWiFi"=Network),"VoIMS",Network))&" "&VCBW,$AG$3:$AS$50,ROW(E14)-ROW($AG$3)+1,FALSE) -> 24 | G14: dB | H14: 1 | J14: × | K14: × | M14: 5.2.5 | N14: 6.2.5 | O14: 7.2.5 | P14: 7.2.2.2 | Q14: 8.2.2.2 | R14: 9.2.2.2 | T14: 14 | U14: 14 | V14: 14 | W14: 14 | X14: 14 | Y14: 14 | Z14: 14 | AA14: 14 | AB14: 14 | AC14: 14 | AD14: 14 | AE14: 14 | AF14: 14 | AG14: 24 | AH14: 24 | AI14: 24 | AJ14: 24 | AK14: 24 | AL14: 24 | AM14: 24 | AN14: 24 | AO14: 24 | AP14: 24 | AQ14: 24 | AR14: 24 | AS14: 24
B15: =HLOOKUP(SUBSTITUTE(SUBSTITUTE(SUBSTITUTE(SUBSTITUTE(SUBSTITUTE(VCBW,"AMR_",""),"EVS_",""),"SO3_",""),"SO68_",""),"SO73_",""),$M$3:$O$50,ROW(B15)-ROW($M$3)+1,FALSE)&IF(ISBLANK(HLOOKUP(SUBSTITUTE(SUBSTITUTE(SUBSTITUTE(SUBSTITUTE(SUBSTITUTE(VCBW,"AMR_",""),"EVS_",""),"SO3_",""),"SO68_",""),"SO73_",""),$P$3:$R$50,ROW(B15)-ROW($P$3)+1,FALSE)), ""," / "&HLOOKUP(SUBSTITUTE(SUBSTITUTE(SUBSTITUTE(SUBSTITUTE(SUBSTITUTE(VCBW,"AMR_",""),"EVS_",""),"SO3_",""),"SO68_",""),"SO73_",""),$P$3:$R$50,ROW(B15)-ROW($P$3)+1,FALSE)) -> 5.2.5a / 7.2.2.3 | C15: RLR in noise | D15: max vol. | E15: =HLOOKUP(IF(OR("GSM"=Network,"WCDMA"=Network),"UMTS",IF(OR("VoLTE"=Network,"VoNR"=Network,"VoWiFi"=Network),"VoIMS",Network))&" "&VCBW,$T$3:$AF$50,ROW(E15)-ROW($T$3)+1,FALSE) -> -7 | F15: =HLOOKUP(IF(OR("GSM"=Network,"WCDMA"=Network),"UMTS",IF(OR("VoLTE"=Network,"VoNR"=Network,"VoWiFi"=Network),"VoIMS",Network))&" "&VCBW,$AG$3:$AS$50,ROW(E15)-ROW($AG$3)+1,FALSE) -> -3 | G15: dB | H15: 1 | J15: × | K15: × | M15: 5.2.5a | N15: 6.2.5a | O15: 7.2.5a | P15: 7.2.2.3 | Q15: 8.2.2.3 | R15: 9.2.2.3 | T15: -7 | U15: -7 | V15: -7 | W15: -7 | X15: -7 | Y15: -7 | Z15: -7 | AA15: -7 | AB15: -7 | AC15: -7 | AD15: -7 | AE15: -7 | AF15: -7 | AG15: -3 | AH15: -3 | AI15: -3 | AJ15: -3 | AK15: -3 | AL15: -3 | AM15: -3 | AN15: -3 | AO15: -3 | AP15: -3 | AQ15: -3 | AR15: -3 | AS15: -3
A16: Idle channel noise | B16: =HLOOKUP(SUBSTITUTE(SUBSTITUTE(SUBSTITUTE(SUBSTITUTE(SUBSTITUTE(VCBW,"AMR_",""),"EVS_",""),"SO3_",""),"SO68_",""),"SO73_",""),$M$3:$O$50,ROW(B16)-ROW($M$3)+1,FALSE)&IF(ISBLANK(HLOOKUP(SUBSTITUTE(SUBSTITUTE(SUBSTITUTE(SUBSTITUTE(SUBSTITUTE(VCBW,"AMR_",""),"EVS_",""),"SO3_",""),"SO68_",""),"SO73_",""),$P$3:$R$50,ROW(B16)-ROW($P$3)+1,FALSE)), ""," / "&HLOOKUP(SUBSTITUTE(SUBSTITUTE(SUBSTITUTE(SUBSTITUTE(SUBSTITUTE(VCBW,"AMR_",""),"EVS_",""),"SO3_",""),"SO68_",""),"SO73_",""),$P$3:$R$50,ROW(B16)-ROW($P$3)+1,FALSE)) -> 5.3.1 / 7.3.1 | C16: Sending | E16: =HLOOKUP(IF(OR("GSM"=Network,"WCDMA"=Network),"UMTS",IF(OR("VoLTE"=Network,"VoNR"=Network,"VoWiFi"=Network),"VoIMS",Network))&" "&VCBW,$T$3:$AF$50,ROW(E16)-ROW($T$3)+1,FALSE) -> N/A | F16: =HLOOKUP(IF(OR("GSM"=Network,"WCDMA"=Network),"UMTS",IF(OR("VoLTE"=Network,"VoNR"=Network,"VoWiFi"=Network),"VoIMS",Network))&" "&VCBW,$AG$3:$AS$50,ROW(E16)-ROW($AG$3)+1,FALSE) -> -64 | G16: dBm0p | H16: 1 | J16: × | K16: × | M16: 5.3.1 | N16: 6.3.1 | O16: 7.3.1 | P16: 7.3.1 | Q16: 8.3.1 | R16: 9.3.1 | T16: N/A | U16: N/A | V16: N/A | W16: N/A | X16: N/A | Y16: N/A | Z16: N/A | AA16: N/A | AB16: N/A | AC16: N/A | AD16: N/A | AE16: N/A | AF16: N/A | AG16: -64 | AH16: -64 | AI16: -64 | AJ16: -64 | AK16: -64 | AL16: -64 | AM16: -64 | AN16: -64 | AO16: -64 | AP16: -64 | AQ16: -64 | AR16: -64 | AS16: -64
B17: =HLOOKUP(SUBSTITUTE(SUBSTITUTE(SUBSTITUTE(SUBSTITUTE(SUBSTITUTE(VCBW,"AMR_",""),"EVS_",""),"SO3_",""),"SO68_",""),"SO73_",""),$M$3:$O$50,ROW(B17)-ROW($M$3)+1,FALSE)&IF(ISBLANK(HLOOKUP(SUBSTITUTE(SUBSTITUTE(SUBSTITUTE(SUBSTITUTE(SUBSTITUTE(VCBW,"AMR_",""),"EVS_",""),"SO3_",""),"SO68_",""),"SO73_",""),$P$3:$R$50,ROW(B17)-ROW($P$3)+1,FALSE)), ""," / "&HLOOKUP(SUBSTITUTE(SUBSTITUTE(SUBSTITUTE(SUBSTITUTE(SUBSTITUTE(VCBW,"AMR_",""),"EVS_",""),"SO3_",""),"SO68_",""),"SO73_",""),$P$3:$R$50,ROW(B17)-ROW($P$3)+1,FALSE)) -> 5.3.1 / 7.3.1 | D17: Single Frequency | E17: =HLOOKUP(IF(OR("GSM"=Network,"WCDMA"=Network),"UMTS",IF(OR("VoLTE"=Network,"VoNR"=Network,"VoWiFi"=Network),"VoIMS",Network))&" "&VCBW,$T$3:$AF$50,ROW(E17)-ROW($T$3)+1,FALSE) -> N/A | F17: =HLOOKUP(IF(OR("GSM"=Network,"WCDMA"=Network),"UMTS",IF(OR("VoLTE"=Network,"VoNR"=Network,"VoWiFi"=Network),"VoIMS",Network))&" "&VCBW,$AG$3:$AS$50,ROW(E17)-ROW($AG$3)+1,FALSE) -> -74 | G17: dBm0p | H17: 1 | J17: × | K17: × | M17: 5.3.1 | N17: 6.3.1 | O17: 7.3.1 | P17: 7.3.1 | Q17: 8.3.1 | R17: 9.3.1 | T17: N/A | U17: N/A | V17: N/A | W17: N/A | X17: N/A | Y17: N/A | Z17: N/A | AA17: N/A | AB17: N/A | AC17: N/A | AD17: N/A | AE17: N/A | AF17: N/A | AG17: -74 | AH17: -74 | AI17: -74 | AJ17: -74 | AK17: -74 | AL17: -74 | AM17: -74 | AN17: -74 | AO17: -74 | AP17: -74 | AQ17: -74 | AR17: -74 | AS17: -74
B18: =HLOOKUP(SUBSTITUTE(SUBSTITUTE(SUBSTITUTE(SUBSTITUTE(SUBSTITUTE(VCBW,"AMR_",""),"EVS_",""),"SO3_",""),"SO68_",""),"SO73_",""),$M$3:$O$50,ROW(B18)-ROW($M$3)+1,FALSE)&IF(ISBLANK(HLOOKUP(SUBSTITUTE(SUBSTITUTE(SUBSTITUTE(SUBSTITUTE(SUBSTITUTE(VCBW,"AMR_",""),"EVS_",""),"SO3_",""),"SO68_",""),"SO73_",""),$P$3:$R$50,ROW(B18)-ROW($P$3)+1,FALSE)), ""," / "&HLOOKUP(SUBSTITUTE(SUBSTITUTE(SUBSTITUTE(SUBSTITUTE(SUBSTITUTE(VCBW,"AMR_",""),"EVS_",""),"SO3_",""),"SO68_",""),"SO73_",""),$P$3:$R$50,ROW(B18)-ROW($P$3)+1,FALSE)) -> 5.3.2 / 7.3.2 | C18: Receiving | D18: max vol. | E18: =HLOOKUP(IF(OR("GSM"=Network,"WCDMA"=Network),"UMTS",IF(OR("VoLTE"=Network,"VoNR"=Network,"VoWiFi"=Network),"VoIMS",Network))&" "&VCBW,$T$3:$AF$50,ROW(E18)-ROW($T$3)+1,FALSE) -> N/A | F18: =HLOOKUP(IF(OR("GSM"=Network,"WCDMA"=Network),"UMTS",IF(OR("VoLTE"=Network,"VoNR"=Network,"VoWiFi"=Network),"VoIMS",Network))&" "&VCBW,$AG$3:$AS$50,ROW(E18)-ROW($AG$3)+1,FALSE) -> -54 | G18: dBPa(A) | H18: 1 | J18: × | K18: × | M18: 5.3.2 | N18: 6.3.2 | O18: 7.3.2 | P18: 7.3.2 | Q18: 8.3.2 | R18: 9.3.2 | T18: N/A | U18: N/A | V18: N/A | W18: N/A | X18: N/A | Y18: N/A | Z18: N/A | AA18: N/A | AB18: N/A | AC18: N/A | AD18: N/A | AE18: N/A | AF18: N/A | AG18: -54 | AH18: -54 | AI18: -54 | AJ18: -54 | AK18: -54 | AL18: -54 | AM18: -54 | AN18: -54 | AO18: -54 | AP18: -54 | AQ18: -54 | AR18: -54 | AS18: -54
B19: =HLOOKUP(SUBSTITUTE(SUBSTITUTE(SUBSTITUTE(SUBSTITUTE(SUBSTITUTE(VCBW,"AMR_",""),"EVS_",""),"SO3_",""),"SO68_",""),"SO73_",""),$M$3:$O$50,ROW(B19)-ROW($M$3)+1,FALSE)&IF(ISBLANK(HLOOKUP(SUBSTITUTE(SUBSTITUTE(SUBSTITUTE(SUBSTITUTE(SUBSTITUTE(VCBW,"AMR_",""),"EVS_",""),"SO3_",""),"SO68_",""),"SO73_",""),$P$3:$R$50,ROW(B19)-ROW($P$3)+1,FALSE)), ""," / "&HLOOKUP(SUBSTITUTE(SUBSTITUTE(SUBSTITUTE(SUBSTITUTE(SUBSTITUTE(VCBW,"AMR_",""),"EVS_",""),"SO3_",""),"SO68_",""),"SO73_",""),$P$3:$R$50,ROW(B19)-ROW($P$3)+1,FALSE)) -> 5.3.2 / 7.3.2 | D19: nom vol. | E19: =HLOOKUP(IF(OR("GSM"=Network,"WCDMA"=Network),"UMTS",IF(OR("VoLTE"=Network,"VoNR"=Network,"VoWiFi"=Network),"VoIMS",Network))&" "&VCBW,$T$3:$AF$50,ROW(E19)-ROW($T$3)+1,FALSE) -> N/A | F19: =HLOOKUP(IF(OR("GSM"=Network,"WCDMA"=Network),"UMTS",IF(OR("VoLTE"=Network,"VoNR"=Network,"VoWiFi"=Network),"VoIMS",Network))&" "&VCBW,$AG$3:$AS$50,ROW(E19)-ROW($AG$3)+1,FALSE) -> -57 | G19: dBPa(A) | H19: 1 | J19: × | K19: × | M19: 5.3.2 | N19: 6.3.2 | O19: 7.3.2 | P19: 7.3.2 | Q19: 8.3.2 | R19: 9.3.2 | T19: N/A | U19: N/A | V19: N/A | W19: N/A | X19: N/A | Y19: N/A | Z19: N/A | AA19: N/A | AB19: N/A | AC19: N/A | AD19: N/A | AE19: N/A | AF19: N/A | AG19: -57 | AH19: -57 | AI19: -57 | AJ19: -57 | AK19: -57 | AL19: -57 | AM19: -57 | AN19: -57 | AO19: -57 | AP19: -57 | AQ19: -57 | AR19: -57 | AS19: -57
B20: =HLOOKUP(SUBSTITUTE(SUBSTITUTE(SUBSTITUTE(SUBSTITUTE(SUBSTITUTE(VCBW,"AMR_",""),"EVS_",""),"SO3_",""),"SO68_",""),"SO73_",""),$M$3:$O$50,ROW(B20)-ROW($M$3)+1,FALSE)&IF(ISBLANK(HLOOKUP(SUBSTITUTE(SUBSTITUTE(SUBSTITUTE(SUBSTITUTE(SUBSTITUTE(VCBW,"AMR_",""),"EVS_",""),"SO3_",""),"SO68_",""),"SO73_",""),$P$3:$R$50,ROW(B20)-ROW($P$3)+1,FALSE)), ""," / "&HLOOKUP(SUBSTITUTE(SUBSTITUTE(SUBSTITUTE(SUBSTITUTE(SUBSTITUTE(VCBW,"AMR_",""),"EVS_",""),"SO3_",""),"SO68_",""),"SO73_",""),$P$3:$R$50,ROW(B20)-ROW($P$3)+1,FALSE)) -> 5.3.2 / 7.3.2 | D20: Single Frequency | E20: =HLOOKUP(IF(OR("GSM"=Network,"WCDMA"=Network),"UMTS",IF(OR("VoLTE"=Network,"VoNR"=Network,"VoWiFi"=Network),"VoIMS",Network))&" "&VCBW,$T$3:$AF$50,ROW(E20)-ROW($T$3)+1,FALSE) -> N/A | F20: =HLOOKUP(IF(OR("GSM"=Network,"WCDMA"=Network),"UMTS",IF(OR("VoLTE"=Network,"VoNR"=Network,"VoWiFi"=Network),"VoIMS",Network))&" "&VCBW,$AG$3:$AS$50,ROW(E20)-ROW($AG$3)+1,FALSE) -> -60 | G20: dBPa(A) | H20: 1 | J20: × | K20: × | M20: 5.3.2 | N20: 6.3.2 | O20: 7.3.2 | P20: 7.3.2 | Q20: 8.3.2 | R20: 9.3.2 | T20: N/A | U20: N/A | V20: N/A | W20: N/A | X20: N/A | Y20: N/A | Z20: N/A | AA20: N/A | AB20: N/A | AC20: N/A | AD20: N/A | AE20: N/A | AF20: N/A | AG20: -60 | AH20: -60 | AI20: -60 | AJ20: -60 | AK20: -60 | AL20: -60 | AM20: -60 | AN20: -60 | AO20: -60 | AP20: -60 | AQ20: -60 | AR20: -60 | AS20: -60
A21: Sensitivity/frequency characteristics | B21: =HLOOKUP(SUBSTITUTE(SUBSTITUTE(SUBSTITUTE(SUBSTITUTE(SUBSTITUTE(VCBW,"AMR_",""),"EVS_",""),"SO3_",""),"SO68_",""),"SO73_",""),$M$3:$O$50,ROW(B21)-ROW($M$3)+1,FALSE)&IF(ISBLANK(HLOOKUP(SUBSTITUTE(SUBSTITUTE(SUBSTITUTE(SUBSTITUTE(SUBSTITUTE(VCBW,"AMR_",""),"EVS_",""),"SO3_",""),"SO68_",""),"SO73_",""),$P$3:$R$50,ROW(B21)-ROW($P$3)+1,FALSE)), ""," / "&HLOOKUP(SUBSTITUTE(SUBSTITUTE(SUBSTITUTE(SUBSTITUTE(SUBSTITUTE(VCBW,"AMR_",""),"EVS_",""),"SO3_",""),"SO68_",""),"SO73_",""),$P$3:$R$50,ROW(B21)-ROW($P$3)+1,FALSE)) -> 5.4.1 / 7.4.1 | C21: Sending | E21: =HLOOKUP(IF(OR("GSM"=Network,"WCDMA"=Network),"UMTS",IF(OR("VoLTE"=Network,"VoNR"=Network,"VoWiFi"=Network),"VoIMS",Network))&" "&VCBW,$T$3:$AF$50,ROW(E21)-ROW($T$3)+1,FALSE) -> 2 | F21: =HLOOKUP(IF(OR("GSM"=Network,"WCDMA"=Network),"UMTS",IF(OR("VoLTE"=Network,"VoNR"=Network,"VoWiFi"=Network),"VoIMS",Network))&" "&VCBW,$AG$3:$AS$50,ROW(E21)-ROW($AG$3)+1,FALSE) -> N/A | G21: dB | H21: 1 | J21: × | K21: × | M21: 5.4.1 | N21: 6.4.1 | O21: 7.4.1 | P21: 7.4.1 | Q21: 8.4.1 | R21: 9.4.1 | T21: 2 | U21: 2 | V21: 2 | W21: 2 | X21: 2 | Y21: 2 | Z21: 2 | AA21: 2 | AB21: 2 | AC21: 2 | AD21: 2 | AE21: 2 | AF21: 2 | AG21: N/A | AH21: N/A | AI21: N/A | AJ21: N/A | AK21: N/A | AL21: N/A | AM21: N/A | AN21: N/A | AO21: N/A | AP21: N/A | AQ21: N/A | AR21: N/A | AS21: N/A
B22: =HLOOKUP(SUBSTITUTE(SUBSTITUTE(SUBSTITUTE(SUBSTITUTE(SUBSTITUTE(VCBW,"AMR_",""),"EVS_",""),"SO3_",""),"SO68_",""),"SO73_",""),$M$3:$O$50,ROW(B22)-ROW($M$3)+1,FALSE)&IF(ISBLANK(HLOOKUP(SUBSTITUTE(SUBSTITUTE(SUBSTITUTE(SUBSTITUTE(SUBSTITUTE(VCBW,"AMR_",""),"EVS_",""),"SO3_",""),"SO68_",""),"SO73_",""),$P$3:$R$50,ROW(B22)-ROW($P$3)+1,FALSE)), ""," / "&HLOOKUP(SUBSTITUTE(SUBSTITUTE(SUBSTITUTE(SUBSTITUTE(SUBSTITUTE(VCBW,"AMR_",""),"EVS_",""),"SO3_",""),"SO68_",""),"SO73_",""),$P$3:$R$50,ROW(B22)-ROW($P$3)+1,FALSE)) -> 5.4.2 / 7.4.2 | C22: Receiving | D22: max | E22: =HLOOKUP(IF(OR("GSM"=Network,"WCDMA"=Network),"UMTS",IF(OR("VoLTE"=Network,"VoNR"=Network,"VoWiFi"=Network),"VoIMS",Network))&" "&VCBW,$T$3:$AF$50,ROW(E22)-ROW($T$3)+1,FALSE) -> 1 | F22: =HLOOKUP(IF(OR("GSM"=Network,"WCDMA"=Network),"UMTS",IF(OR("VoLTE"=Network,"VoNR"=Network,"VoWiFi"=Network),"VoIMS",Network))&" "&VCBW,$AG$3:$AS$50,ROW(E22)-ROW($AG$3)+1,FALSE) -> N/A | G22: dB | H22: 1 | J22: × | K22: × | M22: 5.4.2 | N22: 6.4.2 | O22: 7.4.2.1 | P22: 7.4.2 | Q22: 8.4.2 | R22: 9.4.2 | T22: 1 | U22: 1 | V22: 1 | W22: 1 | X22: 1 | Y22: 1 | Z22: 1 | AA22: 1 | AB22: 1 | AC22: 1 | AD22: 1 | AE22: 1 | AF22: 1 | AG22: N/A | AH22: N/A | AI22: N/A | AJ22: N/A | AK22: N/A | AL22: N/A | AM22: N/A | AN22: N/A | AO22: N/A | AP22: N/A | AQ22: N/A | AR22: N/A | AS22: N/A
B23: =HLOOKUP(SUBSTITUTE(SUBSTITUTE(SUBSTITUTE(SUBSTITUTE(SUBSTITUTE(VCBW,"AMR_",""),"EVS_",""),"SO3_",""),"SO68_",""),"SO73_",""),$M$3:$O$50,ROW(B23)-ROW($M$3)+1,FALSE)&IF(ISBLANK(HLOOKUP(SUBSTITUTE(SUBSTITUTE(SUBSTITUTE(SUBSTITUTE(SUBSTITUTE(VCBW,"AMR_",""),"EVS_",""),"SO3_",""),"SO68_",""),"SO73_",""),$P$3:$R$50,ROW(B23)-ROW($P$3)+1,FALSE)), ""," / "&HLOOKUP(SUBSTITUTE(SUBSTITUTE(SUBSTITUTE(SUBSTITUTE(SUBSTITUTE(VCBW,"AMR_",""),"EVS_",""),"SO3_",""),"SO68_",""),"SO73_",""),$P$3:$R$50,ROW(B23)-ROW($P$3)+1,FALSE)) -> 5.4.2 / 7.4.2 | D23: nom | E23: =HLOOKUP(IF(OR("GSM"=Network,"WCDMA"=Network),"UMTS",IF(OR("VoLTE"=Network,"VoNR"=Network,"VoWiFi"=Network),"VoIMS",Network))&" "&VCBW,$T$3:$AF$50,ROW(E23)-ROW($T$3)+1,FALSE) -> 2 | F23: =HLOOKUP(IF(OR("GSM"=Network,"WCDMA"=Network),"UMTS",IF(OR("VoLTE"=Network,"VoNR"=Network,"VoWiFi"=Network),"VoIMS",Network))&" "&VCBW,$AG$3:$AS$50,ROW(E23)-ROW($AG$3)+1,FALSE) -> N/A | G23: dB | H23: 1 | J23: × | K23: × | M23: 5.4.2 | N23: 6.4.2 | O23: 7.4.2.1 | P23: 7.4.2 | Q23: 8.4.2 | R23: 9.4.2 | T23: 2 | U23: 2 | V23: 2 | W23: 2 | X23: 2 | Y23: 2 | Z23: 2 | AA23: 2 | AB23: 2 | AC23: 2 | AD23: 2 | AE23: 2 | AF23: 2 | AG23: N/A | AH23: N/A | AI23: N/A | AJ23: N/A | AK23: N/A | AL23: N/A | AM23: N/A | AN23: N/A | AO23: N/A | AP23: N/A | AQ23: N/A | AR23: N/A | AS23: N/A
B24: =HLOOKUP(SUBSTITUTE(SUBSTITUTE(SUBSTITUTE(SUBSTITUTE(SUBSTITUTE(VCBW,"AMR_",""),"EVS_",""),"SO3_",""),"SO68_",""),"SO73_",""),$M$3:$O$50,ROW(B24)-ROW($M$3)+1,FALSE)&IF(ISBLANK(HLOOKUP(SUBSTITUTE(SUBSTITUTE(SUBSTITUTE(SUBSTITUTE(SUBSTITUTE(VCBW,"AMR_",""),"EVS_",""),"SO3_",""),"SO68_",""),"SO73_",""),$P$3:$R$50,ROW(B24)-ROW($P$3)+1,FALSE)), ""," / "&HLOOKUP(SUBSTITUTE(SUBSTITUTE(SUBSTITUTE(SUBSTITUTE(SUBSTITUTE(VCBW,"AMR_",""),"EVS_",""),"SO3_",""),"SO68_",""),"SO73_",""),$P$3:$R$50,ROW(B24)-ROW($P$3)+1,FALSE)) -> 5.4.2 / 7.4.2 | D24: min | E24: =HLOOKUP(IF(OR("GSM"=Network,"WCDMA"=Network),"UMTS",IF(OR("VoLTE"=Network,"VoNR"=Network,"VoWiFi"=Network),"VoIMS",Network))&" "&VCBW,$T$3:$AF$50,ROW(E24)-ROW($T$3)+1,FALSE) -> 2 | F24: =HLOOKUP(IF(OR("GSM"=Network,"WCDMA"=Network),"UMTS",IF(OR("VoLTE"=Network,"VoNR"=Network,"VoWiFi"=Network),"VoIMS",Network))&" "&VCBW,$AG$3:$AS$50,ROW(E24)-ROW($AG$3)+1,FALSE) -> N/A | G24: dB | H24: 1 | J24: × | K24: × | M24: 5.4.2 | N24: 6.4.2 | O24: 7.4.2.1 | P24: 7.4.2 | Q24: 8.4.2 | R24: 9.4.2 | T24: 2 | U24: 2 | V24: 2 | W24: 2 | X24: 2 | Y24: 2 | Z24: 2 | AA24: 2 | AB24: 2 | AC24: 2 | AD24: 2 | AE24: 2 | AF24: 2 | AG24: N/A | AH24: N/A | AI24: N/A | AJ24: N/A | AK24: N/A | AL24: N/A | AM24: N/A | AN24: N/A | AO24: N/A | AP24: N/A | AQ24: N/A | AR24: N/A | AS24: N/A
A25: Sidetone characteristics | B25: =HLOOKUP(SUBSTITUTE(SUBSTITUTE(SUBSTITUTE(SUBSTITUTE(SUBSTITUTE(VCBW,"AMR_",""),"EVS_",""),"SO3_",""),"SO68_",""),"SO73_",""),$M$3:$O$50,ROW(B25)-ROW($M$3)+1,FALSE)&IF(ISBLANK(HLOOKUP(SUBSTITUTE(SUBSTITUTE(SUBSTITUTE(SUBSTITUTE(SUBSTITUTE(VCBW,"AMR_",""),"EVS_",""),"SO3_",""),"SO68_",""),"SO73_",""),$P$3:$R$50,ROW(B25)-ROW($P$3)+1,FALSE)), ""," / "&HLOOKUP(SUBSTITUTE(SUBSTITUTE(SUBSTITUTE(SUBSTITUTE(SUBSTITUTE(VCBW,"AMR_",""),"EVS_",""),"SO3_",""),"SO68_",""),"SO73_",""),$P$3:$R$50,ROW(B25)-ROW($P$3)+1,FALSE)) -> 5.5.1 / 7.5.2 | C25: STMR | D25: max | E25: =HLOOKUP(IF(OR("GSM"=Network,"WCDMA"=Network),"UMTS",IF(OR("VoLTE"=Network,"VoNR"=Network,"VoWiFi"=Network),"VoIMS",Network))&" "&VCBW,$T$3:$AF$50,ROW(E25)-ROW($T$3)+1,FALSE) -> 15 | F25: =HLOOKUP(IF(OR("GSM"=Network,"WCDMA"=Network),"UMTS",IF(OR("VoLTE"=Network,"VoNR"=Network,"VoWiFi"=Network),"VoIMS",Network))&" "&VCBW,$AG$3:$AS$50,ROW(E25)-ROW($AG$3)+1,FALSE) -> 23 | G25: dB | H25: 3 | I25: × | J25: × | K25: × | M25: 5.5.1 | N25: 6.5.1 | O25: 7.5.1 | P25: 7.5.2 | Q25: 8.5.2 | R25: 9.5.2 | T25: 15 | U25: 15 | V25: 15 | W25: 15 | X25: 15 | Y25: 15 | Z25: 15 | AA25: 15 | AB25: 15 | AC25: 15 | AD25: 15 | AE25: 15 | AF25: 15 | AG25: 23 | AH25: 23 | AI25: 23 | AJ25: 23 | AK25: 23 | AL25: 23 | AM25: 23 | AN25: 23 | AO25: 23 | AP25: 23 | AQ25: 23 | AR25: 23 | AS25: 23
B26: =HLOOKUP(SUBSTITUTE(SUBSTITUTE(SUBSTITUTE(SUBSTITUTE(SUBSTITUTE(VCBW,"AMR_",""),"EVS_",""),"SO3_",""),"SO68_",""),"SO73_",""),$M$3:$O$50,ROW(B26)-ROW($M$3)+1,FALSE)&IF(ISBLANK(HLOOKUP(SUBSTITUTE(SUBSTITUTE(SUBSTITUTE(SUBSTITUTE(SUBSTITUTE(VCBW,"AMR_",""),"EVS_",""),"SO3_",""),"SO68_",""),"SO73_",""),$P$3:$R$50,ROW(B26)-ROW($P$3)+1,FALSE)), ""," / "&HLOOKUP(SUBSTITUTE(SUBSTITUTE(SUBSTITUTE(SUBSTITUTE(SUBSTITUTE(VCBW,"AMR_",""),"EVS_",""),"SO3_",""),"SO68_",""),"SO73_",""),$P$3:$R$50,ROW(B26)-ROW($P$3)+1,FALSE)) -> 5.5.1 / 7.5.2 | D26: mon | E26: =HLOOKUP(IF(OR("GSM"=Network,"WCDMA"=Network),"UMTS",IF(OR("VoLTE"=Network,"VoNR"=Network,"VoWiFi"=Network),"VoIMS",Network))&" "&VCBW,$T$3:$AF$50,ROW(E26)-ROW($T$3)+1,FALSE) -> 15 | F26: =HLOOKUP(IF(OR("GSM"=Network,"WCDMA"=Network),"UMTS",IF(OR("VoLTE"=Network,"VoNR"=Network,"VoWiFi"=Network),"VoIMS",Network))&" "&VCBW,$AG$3:$AS$50,ROW(E26)-ROW($AG$3)+1,FALSE) -> 23 | G26: dB | H26: 3 | I26: × | J26: × | K26: × | M26: 5.5.1 | N26: 6.5.1 | O26: 7.5.1 | P26: 7.5.2 | Q26: 8.5.2 | R26: 9.5.2 | T26: 15 | U26: 15 | V26: 15 | W26: 15 | X26: 15 | Y26: 15 | Z26: 15 | AA26: 15 | AB26: 15 | AC26: 15 | AD26: 15 | AE26: 15 | AF26: 15 | AG26: 23 | AH26: 23 | AI26: 23 | AJ26: 23 | AK26: 23 | AL26: 23 | AM26: 23 | AN26: 23 | AO26: 23 | AP26: 23 | AQ26: 23 | AR26: 23 | AS26: 23
B27: =HLOOKUP(SUBSTITUTE(SUBSTITUTE(SUBSTITUTE(SUBSTITUTE(SUBSTITUTE(VCBW,"AMR_",""),"EVS_",""),"SO3_",""),"SO68_",""),"SO73_",""),$M$3:$O$50,ROW(B27)-ROW($M$3)+1,FALSE)&IF(ISBLANK(HLOOKUP(SUBSTITUTE(SUBSTITUTE(SUBSTITUTE(SUBSTITUTE(SUBSTITUTE(VCBW,"AMR_",""),"EVS_",""),"SO3_",""),"SO68_",""),"SO73_",""),$P$3:$R$50,ROW(B27)-ROW($P$3)+1,FALSE)), ""," / "&HLOOKUP(SUBSTITUTE(SUBSTITUTE(SUBSTITUTE(SUBSTITUTE(SUBSTITUTE(VCBW,"AMR_",""),"EVS_",""),"SO3_",""),"SO68_",""),"SO73_",""),$P$3:$R$50,ROW(B27)-ROW($P$3)+1,FALSE)) -> 5.5.1 / 7.5.2 | D27: min | E27: =HLOOKUP(IF(OR("GSM"=Network,"WCDMA"=Network),"UMTS",IF(OR("VoLTE"=Network,"VoNR"=Network,"VoWiFi"=Network),"VoIMS",Network))&" "&VCBW,$T$3:$AF$50,ROW(E27)-ROW($T$3)+1,FALSE) -> 15 | F27: =HLOOKUP(IF(OR("GSM"=Network,"WCDMA"=Network),"UMTS",IF(OR("VoLTE"=Network,"VoNR"=Network,"VoWiFi"=Network),"VoIMS",Network))&" "&VCBW,$AG$3:$AS$50,ROW(E27)-ROW($AG$3)+1,FALSE) -> 23 | G27: dB | H27: 3 | I27: × | J27: × | K27: × | M27: 5.5.1 | N27: 6.5.1 | O27: 7.5.1 | P27: 7.5.2 | Q27: 8.5.2 | R27: 9.5.2 | T27: 15 | U27: 15 | V27: 15 | W27: 15 | X27: 15 | Y27: 15 | Z27: 15 | AA27: 15 | AB27: 15 | AC27: 15 | AD27: 15 | AE27: 15 | AF27: 15 | AG27: 23 | AH27: 23 | AI27: 23 | AJ27: 23 | AK27: 23 | AL27: 23 | AM27: 23 | AN27: 23 | AO27: 23 | AP27: 23 | AQ27: 23 | AR27: 23 | AS27: 23
B28: =HLOOKUP(SUBSTITUTE(SUBSTITUTE(SUBSTITUTE(SUBSTITUTE(SUBSTITUTE(VCBW,"AMR_",""),"EVS_",""),"SO3_",""),"SO68_",""),"SO73_",""),$M$3:$O$50,ROW(B28)-ROW($M$3)+1,FALSE)&IF(ISBLANK(HLOOKUP(SUBSTITUTE(SUBSTITUTE(SUBSTITUTE(SUBSTITUTE(SUBSTITUTE(VCBW,"AMR_",""),"EVS_",""),"SO3_",""),"SO68_",""),"SO73_",""),$P$3:$R$50,ROW(B28)-ROW($P$3)+1,FALSE)), ""," / "&HLOOKUP(SUBSTITUTE(SUBSTITUTE(SUBSTITUTE(SUBSTITUTE(SUBSTITUTE(VCBW,"AMR_",""),"EVS_",""),"SO3_",""),"SO68_",""),"SO73_",""),$P$3:$R$50,ROW(B28)-ROW($P$3)+1,FALSE)) -> 5.5.2 / 7.5.4 | C28: Delay | E28: =HLOOKUP(IF(OR("GSM"=Network,"WCDMA"=Network),"UMTS",IF(OR("VoLTE"=Network,"VoNR"=Network,"VoWiFi"=Network),"VoIMS",Network))&" "&VCBW,$T$3:$AF$50,ROW(E28)-ROW($T$3)+1,FALSE) -> 0 | F28: =HLOOKUP(IF(OR("GSM"=Network,"WCDMA"=Network),"UMTS",IF(OR("VoLTE"=Network,"VoNR"=Network,"VoWiFi"=Network),"VoIMS",Network))&" "&VCBW,$AG$3:$AS$50,ROW(E28)-ROW($AG$3)+1,FALSE) -> 5 | G28: ms | H28: 1 | I28: × | J28: × | K28: × | M28: 5.5.2 | N28: 6.5.2 | O28: 7.5.2 | P28: 7.5.4 | Q28: 8.5.4 | R28: 9.5.4 | T28: 0 | U28: 0 | V28: 0 | W28: 0 | X28: 0 | Y28: 0 | Z28: 0 | AA28: 0 | AB28: 0 | AC28: 0 | AD28: 0 | AE28: 0 | AF28: 0 | AG28: 5 | AH28: 5 | AI28: 5 | AJ28: 5 | AK28: 5 | AL28: 5 | AM28: 5 | AN28: 5 | AO28: 5 | AP28: 5 | AQ28: 5 | AR28: 5 | AS28: 5
A29: Stability loss | B29: =HLOOKUP(SUBSTITUTE(SUBSTITUTE(SUBSTITUTE(SUBSTITUTE(SUBSTITUTE(VCBW,"AMR_",""),"EVS_",""),"SO3_",""),"SO68_",""),"SO73_",""),$M$3:$O$50,ROW(B29)-ROW($M$3)+1,FALSE)&IF(ISBLANK(HLOOKUP(SUBSTITUTE(SUBSTITUTE(SUBSTITUTE(SUBSTITUTE(SUBSTITUTE(VCBW,"AMR_",""),"EVS_",""),"SO3_",""),"SO68_",""),"SO73_",""),$P$3:$R$50,ROW(B29)-ROW($P$3)+1,FALSE)), ""," / "&HLOOKUP(SUBSTITUTE(SUBSTITUTE(SUBSTITUTE(SUBSTITUTE(SUBSTITUTE(VCBW,"AMR_",""),"EVS_",""),"SO3_",""),"SO68_",""),"SO73_",""),$P$3:$R$50,ROW(B29)-ROW($P$3)+1,FALSE)) -> 5.6 / 7.6 | D29: max | E29: =HLOOKUP(IF(OR("GSM"=Network,"WCDMA"=Network),"UMTS",IF(OR("VoLTE"=Network,"VoNR"=Network,"VoWiFi"=Network),"VoIMS",Network))&" "&VCBW,$T$3:$AF$50,ROW(E29)-ROW($T$3)+1,FALSE) -> 6 | F29: =HLOOKUP(IF(OR("GSM"=Network,"WCDMA"=Network),"UMTS",IF(OR("VoLTE"=Network,"VoNR"=Network,"VoWiFi"=Network),"VoIMS",Network))&" "&VCBW,$AG$3:$AS$50,ROW(E29)-ROW($AG$3)+1,FALSE) -> N/A | G29: dB | H29: 1 | J29: × | K29: × | M29: 5.6 | N29: 6.6 | O29: 7.6 | P29: 7.6 | Q29: 8.6 | R29: 9.6 | T29: 6 | U29: 6 | V29: 6 | W29: 6 | X29: 6 | Y29: 6 | Z29: 6 | AA29: 6 | AB29: 6 | AC29: 6 | AD29: 6 | AE29: 6 | AF29: 6 | AG29: N/A | AH29: N/A | AI29: N/A | AJ29: N/A | AK29: N/A | AL29: N/A | AM29: N/A | AN29: N/A | AO29: N/A | AP29: N/A | AQ29: N/A | AR29: N/A | AS29: N/A
A30: Acoustic echo control | B30: =HLOOKUP(SUBSTITUTE(SUBSTITUTE(SUBSTITUTE(SUBSTITUTE(SUBSTITUTE(VCBW,"AMR_",""),"EVS_",""),"SO3_",""),"SO68_",""),"SO73_",""),$M$3:$O$50,ROW(B30)-ROW($M$3)+1,FALSE)&IF(ISBLANK(HLOOKUP(SUBSTITUTE(SUBSTITUTE(SUBSTITUTE(SUBSTITUTE(SUBSTITUTE(VCBW,"AMR_",""),"EVS_",""),"SO3_",""),"SO68_",""),"SO73_",""),$P$3:$R$50,ROW(B30)-ROW($P$3)+1,FALSE)), ""," / "&HLOOKUP(SUBSTITUTE(SUBSTITUTE(SUBSTITUTE(SUBSTITUTE(SUBSTITUTE(VCBW,"AMR_",""),"EVS_",""),"SO3_",""),"SO68_",""),"SO73_",""),$P$3:$R$50,ROW(B30)-ROW($P$3)+1,FALSE)) -> 5.7.5 / 7.7.4 | C30: Echo Loss (TCLw) | D30: max | E30: =HLOOKUP(IF(OR("GSM"=Network,"WCDMA"=Network),"UMTS",IF(OR("VoLTE"=Network,"VoNR"=Network,"VoWiFi"=Network),"VoIMS",Network))&" "&VCBW,$T$3:$AF$50,ROW(E30)-ROW($T$3)+1,FALSE) -> 46 | F30: =HLOOKUP(IF(OR("GSM"=Network,"WCDMA"=Network),"UMTS",IF(OR("VoLTE"=Network,"VoNR"=Network,"VoWiFi"=Network),"VoIMS",Network))&" "&VCBW,$AG$3:$AS$50,ROW(E30)-ROW($AG$3)+1,FALSE) -> N/A | G30: dB | H30: 1 | J30: × | K30: × | M30: 5.7.5 | N30: 6.7.5 | O30: 7.7.5 | P30: 7.7.4 | Q30: 8.7.4 | R30: 9.7.4 | T30: 46 | U30: 46 | V30: 46 | W30: 46 | X30: 46 | Y30: 46 | Z30: 46 | AA30: 46 | AB30: 46 | AC30: 46 | AD30: 46 | AE30: 46 | AF30: 46 | AG30: N/A | AH30: N/A | AI30: N/A | AJ30: N/A | AK30: N/A | AL30: N/A | AM30: N/A | AN30: N/A | AO30: N/A | AP30: N/A | AQ30: N/A | AR30: N/A | AS30: N/A
